CEFR,Word,POS
A1,about,"prep.,adv."
A1,above,"prep.,adv."
A1,across,"prep.,adv."
A1,action,n.
A1,activity,n.
A1,actor,n.
A1,actress,n.
A1,add,v.
A1,address,n.
A1,adult,n.
A1,advice,n.
A1,afraid,adj.
A1,after,prep.
A1,afternoon,n.
A1,again,adv.
A1,age,n.
A1,ago,adv.
A1,agree,v.
A1,air,n.
A1,airport,n.
A1,all,"det.,pron."
A1,also,adv.
A1,always,adv.
A1,amazing,adj.
A1,and,conj.
A1,angry,adj.
A1,animal,n.
A1,another,det.
A1,answer,"n.,v."
A1,any,"det.,pron."
A1,anyone,pron.
A1,anything,pron.
A1,apartment,n.
A1,apple,n.
A1,april,n.
A1,area,n.
A1,arm,n.
A1,around,"prep.,adv."
A1,arrive,v.
A1,art,n.
A1,article,n.
A1,artist,n.
A1,as,prep.
A1,ask,v.
A1,at,prep.
A1,august,n.
A1,aunt,n.
A1,autumn,n.
A1,away,adv.
A1,baby,n.
A1,back,"n.,adv."
A1,bad,adj.
A1,bag,n.
A1,ball,n.
A1,banana,n.
A1,band,n.
A1,bath,n.
A1,bathroom,n.
A1,be,"v.,"
A1,auxiliary,v.
A1,beach,n.
A1,beautiful,adj.
A1,because,conj.
A1,become,v.
A1,bed,n.
A1,bedroom,n.
A1,beer,n.
A1,before,prep.
A1,begin,v.
A1,beginning,n.
A1,behind,"prep.,adv."
A1,believe,v.
A1,below,"adv.,prep."
A1,best,adj.
A1,better,adj.
A1,between,prep.
A1,bicycle,n.
A1,big,adj.
A1,bike,n.
A1,bill,n.
A1,bird,n.
A1,birthday,n.
A1,black,"adj.,n."
A1,blog,n.
A1,blonde,adj.
A1,blue,"adj.,n."
A1,boat,n.
A1,body,n.
A1,book,n.
A1,boot,n.
A1,bored,adj.
A1,boring,adj.
A1,born,v.
A1,both,det.
A1,bottle,n.
A1,box,n.
A1,boy,n.
A1,boyfriend,n.
A1,bread,n.
A1,break,"v.,n."
A1,breakfast,n.
A1,bring,v.
A1,brother,n.
A1,brown,"adj.,n."
A1,build,v.
A1,building,n.
A1,bus,n.
A1,business,n.
A1,busy,adj.
A1,but,conj.
A1,butter,n.
A1,buy,v.
A1,by,prep.
A1,cafe,n.
A1,cake,n.
A1,call,"v.,n."
A1,camera,n.
A1,modal,v.
A1,modal,v.
A1,capital,"n.,adj."
A1,car,n.
A1,card,n.
A1,career,n.
A1,carrot,n.
A1,carry,v.
A1,cat,n.
A1,cd,n.
A1,cent,n.
A1,centre,n.
A1,century,n.
A1,chair,n.
A1,change,"v.,n."
A1,chart,n.
A1,cheap,adj.
A1,check,v.
A1,cheese,n.
A1,chicken,n.
A1,child,n.
A1,chocolate,n.
A1,choose,v.
A1,cinema,n.
A1,city,n.
A1,class,n.
A1,classroom,n.
A1,clean,"adj.,v."
A1,climb,v.
A1,clock,n.
A1,clothes,n.
A1,club,n.
A1,coat,n.
A1,coffee,n.
A1,cold,"adj.,n."
A1,college,n.
A1,colour,n.
A1,come,v.
A1,common,adj.
A1,company,n.
A1,compare,v.
A1,complete,"adj.,v."
A1,computer,n.
A1,concert,n.
A1,conversation,n.
A1,cook,v.
A1,cooking,n.
A1,cool,adj.
A1,correct,"adj.,v."
A1,cost,"n.,v."
A1,modal,v.
A1,country,n.
A1,course,n.
A1,cousin,n.
A1,cow,n.
A1,cream,n.
A1,create,v.
A1,culture,n.
A1,cup,n.
A1,customer,n.
A1,cut,v.
A1,dad,n.
A1,dance,"n.,v."
A1,dancer,n.
A1,dancing,n.
A1,dangerous,adj.
A1,dark,adj.
A1,date,n.
A1,daughter,n.
A1,day,n.
A1,dear,adj.
A1,december,n.
A1,decide,v.
A1,delicious,adj.
A1,describe,v.
A1,description,n.
A1,design,"n.,v."
A1,desk,n.
A1,detail,n.
A1,dialogue,n.
A1,dictionary,n.
A1,die,v.
A1,diet,n.
A1,difference,n.
A1,different,adj.
A1,difficult,adj.
A1,dinner,n.
A1,dirty,adj.
A1,discuss,v.
A1,dish,n.
A1,auxiliary,v.
A1,doctor,n.
A1,dog,n.
A1,dollar,n.
A1,door,n.
A1,down,"adv.,prep."
A1,downstairs,adv.
A1,draw,v.
A1,dress,"n.,v."
A1,drink,"n.,v."
A1,drive,v.
A1,driver,n.
A1,during,prep.
A1,dvd,n.
A1,each,det.
A1,ear,n.
A1,early,"adj.,adv."
A1,east,"n.,adj.,adv."
A1,easy,adj.
A1,eat,v.
A1,egg,n.
A1,elephant,n.
A1,else,adv.
A1,email,"n.,v."
A1,end,"n.,v."
A1,enjoy,v.
A1,enough,"det.,pron.,adv."
A1,euro,n.
A1,even,adv.
A1,evening,n.
A1,event,n.
A1,ever,adv.
A1,every,det.
A1,everybody,pron.
A1,everyone,pron.
A1,everything,pron.
A1,exam,n.
A1,example,n.
A1,excited,adj.
A1,exciting,adj.
A1,exercise,"n.,v."
A1,expensive,adj.
A1,explain,v.
A1,extra,adj.
A1,eye,n.
A1,face,n.
A1,fact,n.
A1,fall,v.
A1,false,adj.
A1,family,"n.,adj."
A1,famous,adj.
A1,fantastic,adj.
A1,far,adv.
A1,farm,n.
A1,farmer,n.
A1,fast,"adj.,adv."
A1,fat,adj.
A1,father,n.
A1,favourite,"adj.,n."
A1,february,n.
A1,feel,v.
A1,feeling,n.
A1,festival,n.
A1,few,det.
A1,fill,v.
A1,film,n.
A1,final,adj.
A1,find,v.
A1,fine,adj.
A1,finish,v.
A1,fire,n.
A1,first,det.
A1,fish,n.
A1,flat,n.
A1,flight,n.
A1,floor,n.
A1,flower,n.
A1,fly,v.
A1,follow,v.
A1,food,n.
A1,foot,n.
A1,football,n.
A1,for,prep.
A1,forget,v.
A1,form,"n.,v."
A1,free,adj.
A1,friday,n.
A1,friend,n.
A1,friendly,adj.
A1,from,prep.
A1,front,"n.,adj."
A1,fruit,n.
A1,full,adj.
A1,fun,n.
A1,funny,adj.
A1,future,n.
A1,game,n.
A1,garden,n.
A1,geography,n.
A1,get,v.
A1,girl,n.
A1,girlfriend,n.
A1,give,v.
A1,glass,n.
A1,go,v.
A1,good,adj.
A1,grandfather,n.
A1,grandmother,n.
A1,grandparent,n.
A1,great,adj.
A1,green,"adj.,n."
A1,grey,"adj.,n."
A1,group,n.
A1,grow,v.
A1,guess,"v.,n."
A1,guitar,n.
A1,gym,n.
A1,hair,n.
A1,half,"n.,det."
A1,hand,n.
A1,happen,v.
A1,happy,adj.
A1,hard,"adj.,adv."
A1,hat,n.
A1,hate,v.
A1,have,v.
A1,modal,v.
A1,he,pron.
A1,head,n.
A1,health,n.
A1,healthy,adj.
A1,hear,v.
A1,help,"v.,n."
A1,her,"pron.,det."
A1,here,adv.
A1,high,adj.
A1,him,pron.
A1,his,det.
A1,history,n.
A1,hobby,n.
A1,holiday,n.
A1,home,"n.,adv."
A1,homework,n.
A1,hope,v.
A1,horse,n.
A1,hospital,n.
A1,hot,adj.
A1,hotel,n.
A1,hour,n.
A1,house,n.
A1,how,adv.
A1,however,adv.
A1,hungry,adj.
A1,husband,n.
A1,i,pron.
A1,ice,n.
A1,cream,n.
A1,idea,n.
A1,if,conj.
A1,imagine,v.
A1,important,adj.
A1,improve,v.
A1,in,"prep.,adv."
A1,include,v.
A1,information,n.
A1,interest,"n.,v."
A1,interested,adj.
A1,interesting,adj.
A1,internet,n.
A1,interview,"n.,v."
A1,into,prep.
A1,introduce,v.
A1,island,n.
A1,it,pron.
A1,its,det.
A1,jacket,n.
A1,january,n.
A1,jeans,n.
A1,job,n.
A1,join,v.
A1,journey,n.
A1,juice,n.
A1,july,n.
A1,june,n.
A1,just,adv.
A1,keep,v.
A1,key,"n.,adj."
A1,kilometre,n.
A1,kitchen,n.
A1,know,v.
A1,land,n.
A1,language,n.
A1,large,adj.
A1,late,"adj.,adv."
A1,later,adv.
A1,laugh,"v.,n."
A1,learn,v.
A1,leave,v.
A1,left,"adj.,adv.,n."
A1,leg,n.
A1,lesson,n.
A1,let,v.
A1,letter,n.
A1,library,n.
A1,life,n.
A1,line,n.
A1,lion,n.
A1,list,"n.,v."
A1,listen,v.
A1,little,"adj.,det."
A1,local,adj.
A1,look,v.
A1,lose,v.
A1,lot,"pron.,det.,adv."
A1,love,"n.,v."
A1,lunch,n.
A1,machine,n.
A1,magazine,n.
A1,main,adj.
A1,make,v.
A1,man,n.
A1,many,det.
A1,map,n.
A1,march,n.
A1,market,n.
A1,married,adj.
A1,may,n.
A1,maybe,adv.
A1,me,pron.
A1,meal,n.
A1,mean,v.
A1,meaning,n.
A1,meat,n.
A1,meet,v.
A1,meeting,n.
A1,member,n.
A1,menu,n.
A1,message,n.
A1,metre,n.
A1,midnight,n.
A1,mile,n.
A1,milk,n.
A1,miss,v.
A1,mistake,n.
A1,model,n.
A1,modern,adj.
A1,moment,n.
A1,monday,n.
A1,money,n.
A1,month,n.
A1,more,det.
A1,morning,n.
A1,most,det.
A1,mother,n.
A1,mountain,n.
A1,mouse,n.
A1,mouth,n.
A1,move,v.
A1,movie,n.
A1,much,det.
A1,mum,n.
A1,museum,n.
A1,music,n.
A1,modal,v.
A1,my,det.
A1,name,"n.,v."
A1,natural,adj.
A1,near,"prep.,adj.,adv."
A1,need,v.
A1,negative,adj.
A1,neighbour,n.
A1,never,adv.
A1,new,adj.
A1,news,n.
A1,newspaper,n.
A1,next,"adj.,adv."
A1,to,prep.
A1,nice,adj.
A1,night,n.
A1,one,pron.
A1,nobody,pron.
A1,north,"n.,adj.,adv."
A1,nose,n.
A1,not,adv.
A1,note,n.
A1,nothing,pron.
A1,november,n.
A1,now,adv.
A1,number,n.
A1,nurse,n.
A1,object,n.
A1,clock,adv.
A1,october,n.
A1,of,prep.
A1,off,"adv.,prep."
A1,office,n.
A1,often,adv.
A1,old,adj.
A1,on,"prep.,adv."
A1,once,adv.
A1,onion,n.
A1,online,"adj.,adv."
A1,only,"adj.,adv."
A1,open,"adj.,v."
A1,opinion,n.
A1,opposite,"adj.,n.,prep.,adv."
A1,or,conj.
A1,orange,"n.,adj."
A1,order,"n.,v."
A1,other,adj.
A1,our,det.
A1,out,adv.
A1,outside,adv.
A1,over,"prep.,adv."
A1,own,adj.
A1,page,n.
A1,paint,"v.,n."
A1,painting,n.
A1,pair,n.
A1,paper,n.
A1,paragraph,n.
A1,parent,n.
A1,park,"n.,v."
A1,part,n.
A1,partner,n.
A1,party,n.
A1,passport,n.
A1,past,"adj.,n.,prep."
A1,pay,v.
A1,pen,n.
A1,pencil,n.
A1,people,n.
A1,pepper,n.
A1,perfect,adj.
A1,period,n.
A1,person,n.
A1,personal,adj.
A1,phone,"n.,v."
A1,photo,n.
A1,photograph,n.
A1,phrase,n.
A1,piano,n.
A1,picture,n.
A1,piece,n.
A1,pig,n.
A1,pink,"adj.,n."
A1,place,n.
A1,plan,"n.,v."
A1,plane,n.
A1,plant,n.
A1,play,"v.,n."
A1,player,n.
A1,point,n.
A1,police,n.
A1,policeman,n.
A1,pool,n.
A1,poor,adj.
A1,popular,adj.
A1,positive,adj.
A1,possible,adj.
A1,post,"n.,v."
A1,potato,n.
A1,pound,n.
A1,practice,n.
A1,practise,v.
A1,prefer,v.
A1,prepare,v.
A1,present,"adj.,n."
A1,pretty,"adj.,adv."
A1,price,n.
A1,probably,adv.
A1,problem,n.
A1,product,n.
A1,programme,n.
A1,project,n.
A1,purple,"adj.,n."
A1,put,v.
A1,quarter,n.
A1,question,n.
A1,quick,adj.
A1,quickly,adv.
A1,quiet,adj.
A1,quite,adv.
A1,radio,n.
A1,rain,"n.,v."
A1,read,v.
A1,reader,n.
A1,reading,n.
A1,ready,adj.
A1,real,adj.
A1,really,adv.
A1,reason,n.
A1,red,"adj.,n."
A1,relax,v.
A1,remember,v.
A1,repeat,v.
A1,report,n.
A1,restaurant,n.
A1,result,n.
A1,return,"v.,n."
A1,rice,n.
A1,rich,adj.
A1,ride,v.
A1,right,"adj.,adv.,n."
A1,river,n.
A1,road,n.
A1,room,n.
A1,routine,n.
A1,rule,n.
A1,run,v.
A1,sad,adj.
A1,salad,n.
A1,salt,n.
A1,same,"adj.,pron.,adv."
A1,sandwich,n.
A1,saturday,n.
A1,say,v.
A1,school,n.
A1,science,n.
A1,scientist,n.
A1,sea,n.
A1,section,n.
A1,see,v.
A1,sell,v.
A1,send,v.
A1,sentence,n.
A1,september,n.
A1,share,v.
A1,she,pron.
A1,sheep,n.
A1,shirt,n.
A1,shoe,n.
A1,shop,"n.,v."
A1,shopping,n.
A1,short,adj.
A1,modal,v.
A1,show,"v.,n."
A1,shower,n.
A1,sick,adj.
A1,similar,adj.
A1,sing,v.
A1,singer,n.
A1,sister,n.
A1,sit,v.
A1,situation,n.
A1,skill,n.
A1,skirt,n.
A1,sleep,v.
A1,slow,adj.
A1,small,adj.
A1,snake,n.
A1,snow,"n.,v."
A1,so,"adv.,conj."
A1,some,"det.,pron."
A1,somebody,pron.
A1,someone,pron.
A1,something,pron.
A1,sometimes,adv.
A1,son,n.
A1,song,n.
A1,soon,adv.
A1,sorry,"adj.,"
A1,sound,"n.,v."
A1,soup,n.
A1,south,"n.,adj.,adv."
A1,space,n.
A1,speak,v.
A1,special,adj.
A1,spell,v.
A1,spelling,n.
A1,spend,v.
A1,sport,n.
A1,spring,n.
A1,stand,v.
A1,star,n.
A1,start,v.
A1,statement,n.
A1,station,n.
A1,stay,v.
A1,still,adv.
A1,stop,"v.,n."
A1,story,n.
A1,street,n.
A1,strong,adj.
A1,student,n.
A1,study,"n.,v."
A1,style,n.
A1,subject,n.
A1,success,n.
A1,sugar,n.
A1,summer,n.
A1,sun,n.
A1,sunday,n.
A1,supermarket,n.
A1,sure,adj.
A1,sweater,n.
A1,swim,v.
A1,swimming,n.
A1,table,n.
A1,take,v.
A1,talk,v.
A1,tall,adj.
A1,taxi,n.
A1,tea,n.
A1,teach,v.
A1,teacher,n.
A1,team,n.
A1,teenager,n.
A1,telephone,"n.,v."
A1,television,n.
A1,tell,v.
A1,tennis,n.
A1,terrible,adj.
A1,test,"n.,v."
A1,text,n.
A1,than,conj.
A1,thank,v.
A1,that,"det.,pron.,conj."
A1,theatre,n.
A1,their,det.
A1,them,pron.
A1,then,adv.
A1,there,adv.
A1,they,pron.
A1,thing,n.
A1,think,v.
A1,thirsty,adj.
A1,this,det.
A1,through,"prep.,adv."
A1,thursday,n.
A1,ticket,n.
A1,time,n.
A1,tired,adj.
A1,title,n.
A1,to,"prep.,"
A1,today,"adv.,n."
A1,together,adv.
A1,toilet,n.
A1,tomato,n.
A1,tomorrow,"adv.,n."
A1,tonight,"adv.,n."
A1,too,adv.
A1,tooth,n.
A1,topic,n.
A1,tourist,n.
A1,town,n.
A1,traffic,n.
A1,train,n.
A1,travel,"v.,n."
A1,tree,n.
A1,trip,n.
A1,trousers,n.
A1,true,adj.
A1,try,v.
A1,t-shirt,n.
A1,tuesday,n.
A1,turn,"v.,n."
A1,tv,n.
A1,twice,adv.
A1,type,n.
A1,umbrella,n.
A1,uncle,n.
A1,under,"prep.,adv."
A1,understand,v.
A1,university,n.
A1,until,conj.
A1,up,"adv.,prep."
A1,upstairs,adv.
A1,us,pron.
A1,use,v.
A1,useful,adj.
A1,usually,adv.
A1,vacation,n.
A1,vegetable,n.
A1,very,adv.
A1,video,n.
A1,village,n.
A1,visit,"v.,n."
A1,visitor,n.
A1,wait,v.
A1,waiter,n.
A1,wake,v.
A1,walk,"v.,n."
A1,wall,n.
A1,want,v.
A1,warm,adj.
A1,wash,v.
A1,watch,"v.,n."
A1,water,n.
A1,way,n.
A1,we,pron.
A1,wear,v.
A1,weather,n.
A1,website,n.
A1,wednesday,n.
A1,week,n.
A1,weekend,n.
A1,well,"adv.,adj.,"
A1,west,"n.,adj.,adv."
A1,what,pron.
A1,when,"adv.,pron.,conj."
A1,where,"adv.,conj."
A1,which,pron.
A1,white,"adj.,n."
A1,who,pron.
A1,why,adv.
A1,wife,n.
A1,modal,v.
A1,win,v.
A1,window,n.
A1,wine,n.
A1,winter,n.
A1,with,prep.
A1,without,prep.
A1,woman,n.
A1,wonderful,adj.
A1,word,n.
A1,work,"v.,n."
A1,worker,n.
A1,world,n.
A1,modal,v.
A1,write,v.
A1,writer,n.
A1,writing,n.
A1,wrong,adj.
A1,year,n.
A1,yellow,"adj.,n."
A1,yesterday,"adv.,n."
A1,you,pron.
A1,young,adj.
A1,your,det.
A1,yourself,pron.
A1,ability,n.
A1,able,adj.
A1,abroad,adv.
A1,accept,v.
A1,accident,n.
A1,to,prep.
A1,achieve,v.
A1,act,v.
A1,active,adj.
A1,actually,adv.
A1,adult,adj.
A1,advantage,n.
A1,adventure,n.
A1,advertise,v.
A1,advertisement,n.
A1,advertising,n.
A1,affect,v.
A1,after,"conj.,adv."
A1,against,prep.
A1,airline,n.
A1,alive,adj.
A1,all,adv.
A1,right,adj.
A1,allow,v.
A1,almost,adv.
A1,alone,adj.
A1,along,"prep.,adv."
A1,already,adv.
A1,alternative,n.
A1,although,conj.
A1,among,prep.
A1,amount,n.
A1,ancient,adj.
A1,ankle,n.
A1,any,adv.
A1,anybody,pron.
A1,more,adv.
A1,anyway,adv.
A1,anywhere,"adv.,pron."
A1,app,n.
A1,appear,v.
A1,appearance,n.
A1,apply,v.
A1,architect,n.
A1,architecture,n.
A1,argue,v.
A1,argument,n.
A1,army,n.
A1,arrange,v.
A1,arrangement,n.
A1,as,"adv.,conj."
A1,asleep,adj.
A1,assistant,"n.,adj."
A1,athlete,n.
A1,attack,"n.,v."
A1,attend,v.
A1,attention,"n.,"
A1,attractive,adj.
A1,audience,n.
A1,author,n.
A1,available,adj.
A1,average,"adj.,n."
A1,avoid,v.
A1,award,n.
A1,awful,adj.
A1,back,adj.
A1,background,n.
A1,badly,adv.
A1,bar,n.
A1,baseball,n.
A1,based,adj.
A1,basketball,n.
A1,bean,n.
A1,beat,v.
A1,beef,n.
A1,before,"conj.,adv."
A1,behave,v.
A1,behaviour,n.
A1,belong,v.
A1,belt,n.
A1,benefit,n.
A1,best,"adv.,n."
A1,better,adv.
A1,between,adv.
A1,bin,n.
A1,biology,n.
A1,birth,n.
A1,biscuit,n.
A1,bit,n.
A1,blank,"adj.,n."
A1,blood,n.
A1,blow,v.
A1,board,n.
A1,boil,v.
A1,bone,n.
A1,book,v.
A1,borrow,v.
A1,boss,n.
A1,bottom,"n.,adj."
A1,bowl,n.
A1,brain,n.
A1,bridge,n.
A1,bright,adj.
A1,brilliant,adj.
A1,broken,adj.
A1,brush,"v.,n."
A1,burn,v.
A1,businessman,n.
A1,button,n.
A1,camp,"n.,v."
A1,camping,n.
A1,care,"n.,v."
A1,careful,adj.
A1,carefully,adv.
A1,carpet,n.
A1,cartoon,n.
A1,case,n.
A1,cash,n.
A1,castle,n.
A1,catch,v.
A1,cause,"n.,v."
A1,celebrate,v.
A1,celebrity,n.
A1,certain,adj.
A1,certainly,adv.
A1,chance,n.
A1,character,n.
A1,charity,n.
A1,chat,"v.,n."
A1,check,n.
A1,chef,n.
A1,chemistry,n.
A1,chip,n.
A1,choice,n.
A1,church,n.
A1,cigarette,n.
A1,circle,"n.,v."
A1,classical,adj.
A1,clear,adj.
A1,clearly,adv.
A1,clever,adj.
A1,climate,n.
A1,closed,adj.
A1,clothing,n.
A1,cloud,n.
A1,coach,n.
A1,coast,n.
A1,code,n.
A1,colleague,n.
A1,collect,v.
A1,column,n.
A1,comedy,n.
A1,comfortable,adj.
A1,comment,n.
A1,communicate,v.
A1,community,n.
A1,compete,v.
A1,competition,n.
A1,complain,v.
A1,completely,adv.
A1,condition,n.
A1,conference,n.
A1,connect,v.
A1,connected,adj.
A1,consider,v.
A1,contain,v.
A1,context,n.
A1,continent,n.
A1,continue,v.
A1,control,"n.,v."
A1,cook,n.
A1,cooker,n.
A1,copy,"n.,v."
A1,corner,n.
A1,correctly,adv.
A1,count,v.
A1,couple,n.
A1,cover,v.
A1,crazy,adj.
A1,creative,adj.
A1,credit,n.
A1,crime,n.
A1,criminal,n.
A1,cross,"v.,n."
A1,crowd,n.
A1,crowded,adj.
A1,cry,v.
A1,cupboard,n.
A1,curly,adj.
A1,cycle,"n.,v."
A1,daily,adj.
A1,danger,n.
A1,dark,n.
A1,data,n.
A1,dead,adj.
A1,deal,v.
A1,death,n.
A1,decision,n.
A1,deep,adj.
A1,definitely,adv.
A1,degree,n.
A1,dentist,n.
A1,department,n.
A1,depend,v.
A1,desert,n.
A1,designer,n.
A1,destroy,v.
A1,detective,n.
A1,develop,v.
A1,device,n.
A1,diary,n.
A1,differently,adv.
A1,digital,adj.
A1,direct,adj.
A1,direction,n.
A1,director,n.
A1,disagree,v.
A1,disappear,v.
A1,disaster,n.
A1,discover,v.
A1,discovery,n.
A1,discussion,n.
A1,disease,n.
A1,distance,n.
A1,divorced,adj.
A1,document,n.
A1,double,"adj.,det.,pron.,v."
A1,download,"v.,n."
A1,downstairs,adj.
A1,drama,n.
A1,drawing,n.
A1,dream,"n.,v."
A1,drive,n.
A1,driving,n.
A1,drop,v.
A1,drug,n.
A1,dry,"adj.,v."
A1,earn,v.
A1,earth,n.
A1,easily,adv.
A1,education,n.
A1,effect,n.
A1,either,det.
A1,electric,adj.
A1,electrical,adj.
A1,electricity,n.
A1,electronic,adj.
A1,employ,v.
A1,employee,n.
A1,employer,n.
A1,empty,adj.
A1,ending,n.
A1,energy,n.
A1,engine,n.
A1,engineer,n.
A1,enormous,adj.
A1,enter,v.
A1,environment,n.
A1,equipment,n.
A1,error,n.
A1,especially,adv.
A1,essay,n.
A1,everyday,adj.
A1,everywhere,adv.
A1,evidence,n.
A1,exact,adj.
A1,exactly,adv.
A1,excellent,adj.
A1,except,prep.
A1,exist,v.
A1,expect,v.
A1,experience,n.
A1,experiment,n.
A1,expert,"n.,adj."
A1,explanation,n.
A1,express,v.
A1,expression,n.
A1,extreme,adj.
A1,extremely,adv.
A1,factor,n.
A1,factory,n.
A1,fail,v.
A1,fair,adj.
A1,fall,n.
A1,fan,n.
A1,farm,v.
A1,farming,n.
A1,fashion,n.
A1,fat,n.
A1,fear,n.
A1,feature,n.
A1,feed,v.
A1,female,"adj.,n."
A1,fiction,n.
A1,field,n.
A1,fight,"v.,n."
A1,figure,n.
A1,film,v.
A1,final,n.
A1,finally,adv.
A1,finger,n.
A1,finish,n.
A1,first,n.
A1,firstly,adv.
A1,fish,v.
A1,fishing,n.
A1,fit,"v.,adj."
A1,fix,v.
A1,flat,adj.
A1,flu,n.
A1,fly,n.
A1,flying,"n.,adj."
A1,focus,"v.,n."
A1,following,adj.
A1,foreign,adj.
A1,forest,n.
A1,fork,n.
A1,formal,adj.
A1,fortunately,adv.
A1,forward,adv.
A1,free,adv.
A1,fresh,adj.
A1,fridge,n.
A1,frog,n.
A1,fun,adj.
A1,furniture,n.
A1,further,adj.
A1,future,adj.
A1,gallery,n.
A1,gap,n.
A1,gas,n.
A1,gate,n.
A1,general,adj.
A1,gift,n.
A1,goal,n.
A1,god,n.
A1,gold,"n.,adj."
A1,golf,n.
A1,good,n.
A1,government,n.
A1,grass,n.
A1,greet,v.
A1,ground,n.
A1,guest,n.
A1,guide,"n.,v."
A1,gun,n.
A1,guy,n.
A1,habit,n.
A1,half,adv.
A1,hall,n.
A1,happily,adv.
A1,auxiliary,v.
A1,headache,n.
A1,heart,n.
A1,heat,"n.,v."
A1,heavy,adj.
A1,height,n.
A1,helpful,adj.
A1,hero,n.
A1,hers,pron.
A1,herself,pron.
A1,hide,v.
A1,high,adv.
A1,hill,n.
A1,himself,pron.
A1,his,pron.
A1,hit,"v.,n."
A1,hockey,n.
A1,hold,v.
A1,hole,n.
A1,home,adj.
A1,hope,n.
A1,huge,adj.
A1,human,"adj.,n."
A1,hurt,"v.,adj."
A1,ideal,adj.
A1,identify,v.
A1,ill,adj.
A1,illness,n.
A1,image,n.
A1,immediately,adv.
A1,impossible,adj.
A1,included,adj.
A1,including,prep.
A1,increase,"v.,n."
A1,incredible,adj.
A1,independent,adj.
A1,individual,"n.,adj."
A1,industry,n.
A1,informal,adj.
A1,injury,n.
A1,insect,n.
A1,inside,"prep.,adv.,n.,adj."
A1,instead,adv.
A1,instruction,n.
A1,instructor,n.
A1,instrument,n.
A1,intelligent,adj.
A1,international,adj.
A1,introduction,n.
A1,invent,v.
A1,invention,n.
A1,invitation,n.
A1,invite,v.
A1,involve,v.
A1,item,n.
A1,itself,pron.
A1,jam,n.
A1,jazz,n.
A1,jewellery,n.
A1,joke,"n.,v."
A1,journalist,n.
A1,jump,"v.,n."
A1,kid,n.
A1,kill,v.
A1,king,n.
A1,knee,n.
A1,knife,n.
A1,knock,v.
A1,knowledge,n.
A1,lab,n.
A1,lady,n.
A1,lake,n.
A1,lamp,n.
A1,land,v.
A1,laptop,n.
A1,later,adj.
A1,laughter,n.
A1,law,n.
A1,lawyer,n.
A1,lazy,adj.
A1,leader,n.
A1,learning,n.
A1,least,det.
A1,lecture,"n.,v."
A1,lemon,n.
A1,lend,v.
A1,less,det.
A1,level,n.
A1,lifestyle,n.
A1,lift,"v.,n."
A1,likely,adj.
A1,link,"n.,v."
A1,listener,n.
A1,little,adv.
A1,lock,"v.,n."
A1,look,n.
A1,lorry,n.
A1,lost,adj.
A1,loud,"adj.,adv."
A1,loudly,adv.
A1,lovely,adj.
A1,low,"adj.,adv."
A1,luck,n.
A1,lucky,adj.
A1,mail,"n.,v."
A1,major,adj.
A1,male,"adj.,n."
A1,manage,v.
A1,manager,n.
A1,manner,n.
A1,mark,"v.,n."
A1,marry,v.
A1,material,n.
A1,mathematics,n.
A1,maths,n.
A1,matter,"n.,v."
A1,modal,v.
A1,media,n.
A1,medical,adj.
A1,medicine,n.
A1,memory,n.
A1,mention,v.
A1,metal,n.
A1,method,n.
A1,middle,"n.,adj."
A1,modal,v.
A1,mind,"n.,v."
A1,mirror,n.
A1,missing,adj.
A1,mobile,"adj.,n."
A1,monkey,n.
A1,moon,n.
A1,mostly,adv.
A1,motorcycle,n.
A1,movement,n.
A1,musical,adj.
A1,musician,n.
A1,myself,pron.
A1,narrow,adj.
A1,national,adj.
A1,nature,n.
A1,nearly,adv.
A1,necessary,adj.
A1,neck,n.
A1,need,n.
A1,neither,det.
A1,nervous,adj.
A1,network,n.
A1,noise,n.
A1,noisy,adj.
A1,none,pron.
A1,normal,adj.
A1,normally,adv.
A1,notice,"v.,n."
A1,novel,n.
A1,nowhere,adv.
A1,number,v.
A1,nut,n.
A1,ocean,n.
A1,offer,"v.,n."
A1,officer,n.
A1,oil,n.
A1,onto,prep.
A1,opportunity,n.
A1,option,n.
A1,ordinary,adj.
A1,organization,n.
A1,organize,v.
A1,original,adj.
A1,ourselves,pron.
A1,outside,"prep.,n.,adj."
A1,oven,n.
A1,own,v.
A1,owner,n.
A1,pack,v.
A1,pain,n.
A1,painter,n.
A1,palace,n.
A1,pants,n.
A1,parking,n.
A1,particular,adj.
A1,pass,v.
A1,passenger,n.
A1,past,adv.
A1,patient,n.
A1,pattern,n.
A1,pay,n.
A1,peace,n.
A1,penny,n.
A1,per,prep.
A1,cent,"n.,adj."
A1,perform,v.
A1,perhaps,adv.
A1,permission,n.
A1,personality,n.
A1,pet,n.
A1,petrol,n.
A1,photograph,v.
A1,physical,adj.
A1,physics,n.
A1,pick,v.
A1,pilot,n.
A1,planet,n.
A1,plant,v.
A1,plastic,"n.,adj."
A1,plate,n.
A1,platform,n.
A1,please,v.
A1,pleased,adj.
A1,pocket,n.
A1,polite,adj.
A1,pollution,n.
A1,pop,"n.,adj."
A1,population,n.
A1,position,n.
A1,possession,n.
A1,possibility,n.
A1,poster,n.
A1,power,n.
A1,predict,v.
A1,present,v.
A1,president,n.
A1,prevent,v.
A1,print,v.
A1,printer,n.
A1,prison,n.
A1,prize,n.
A1,process,n.
A1,produce,v.
A1,professional,adj.
A1,professor,n.
A1,profile,n.
A1,program,n.
A1,progress,n.
A1,promise,"v.,n."
A1,pronounce,v.
A1,protect,v.
A1,provide,v.
A1,pub,n.
A1,public,"adj.,n."
A1,publish,v.
A1,pull,v.
A1,purpose,n.
A1,push,v.
A1,quality,n.
A1,quantity,n.
A1,queen,n.
A1,question,v.
A1,quietly,adv.
A1,railway,n.
A1,raise,v.
A1,rate,n.
A1,rather,adv.
A1,reach,v.
A1,react,v.
A1,realize,v.
A1,receive,v.
A1,recent,adj.
A1,recently,adv.
A1,reception,n.
A1,recipe,n.
A1,recognize,v.
A1,recommend,v.
A1,record,"n.,v."
A1,recording,n.
A1,recycle,v.
A1,reduce,v.
A1,refer,v.
A1,region,n.
A1,regular,adj.
A1,relationship,n.
A1,remove,v.
A1,repair,v.
A1,replace,v.
A1,reply,"v.,n."
A1,report,v.
A1,reporter,n.
A1,request,n.
A1,research,"n.,v."
A1,researcher,n.
A1,respond,v.
A1,response,n.
A1,review,"n.,v."
A1,ride,n.
A1,rise,v.
A1,role,n.
A1,roof,n.
A1,round,"adj.,adv.,prep."
A1,route,n.
A1,rubbish,n.
A1,rude,adj.
A1,run,n.
A1,runner,n.
A1,running,n.
A1,sadly,adv.
A1,safe,adj.
A1,sail,v.
A1,sailing,n.
A1,salary,n.
A1,sale,n.
A1,sauce,n.
A1,save,v.
A1,scared,adj.
A1,scary,adj.
A1,scene,n.
A1,schedule,n.
A1,score,"v.,n."
A1,screen,n.
A1,search,"n.,v."
A1,season,n.
A1,seat,n.
A1,secondly,adv.
A1,secret,"adj.,n."
A1,secretary,n.
A1,seem,v.
A1,sense,n.
A1,separate,adj.
A1,series,n.
A1,serious,adj.
A1,serve,v.
A1,service,n.
A1,several,det.
A1,shake,v.
A1,modal,v.
A1,shape,n.
A1,sheet,n.
A1,ship,n.
A1,shoulder,n.
A1,shout,"v.,n."
A1,shut,"v.,adj."
A1,side,n.
A1,sign,"n.,v."
A1,silver,"n.,adj."
A1,simple,adj.
A1,since,"prep.,conj."
A1,singing,n.
A1,single,"adj.,n."
A1,sir,n.
A1,site,n.
A1,size,n.
A1,ski,"v.,adj.,n."
A1,skiing,n.
A1,skin,n.
A1,sky,n.
A1,sleep,n.
A1,slowly,adv.
A1,smartphone,n.
A1,smell,"v.,n."
A1,smile,"v.,n."
A1,smoke,"n.,v."
A1,smoking,n.
A1,soap,n.
A1,soccer,n.
A1,social,adj.
A1,society,n.
A1,sock,n.
A1,soft,adj.
A1,soldier,n.
A1,solution,n.
A1,solve,v.
A1,somewhere,"adv.,pron."
A1,sort,n.
A1,source,n.
A1,speaker,n.
A1,specific,adj.
A1,speech,n.
A1,speed,n.
A1,spider,n.
A1,spoon,n.
A1,square,"adj.,n."
A1,stage,n.
A1,stair,n.
A1,stamp,n.
A1,star,v.
A1,start,n.
A1,state,n.
A1,stay,n.
A1,steal,v.
A1,step,n.
A1,stomach,n.
A1,stone,n.
A1,store,n.
A1,storm,n.
A1,straight,"adv.,adj."
A1,strange,adj.
A1,strategy,n.
A1,stress,"n.,v."
A1,structure,n.
A1,stupid,adj.
A1,succeed,v.
A1,successful,adj.
A1,such,det.
A1,suddenly,adv.
A1,suggest,v.
A1,suggestion,n.
A1,suit,n.
A1,support,"v.,n."
A1,suppose,v.
A1,sure,adv.
A1,surprise,"n.,v."
A1,surprised,adj.
A1,surprising,adj.
A1,survey,n.
A1,sweet,"adj.,n."
A1,symbol,n.
A1,system,n.
A1,tablet,n.
A1,talk,n.
A1,target,n.
A1,task,n.
A1,taste,"n.,v."
A1,teaching,n.
A1,technology,n.
A1,teenage,adj.
A1,temperature,n.
A1,term,n.
A1,text,v.
A1,themselves,pron.
A1,thick,adj.
A1,thief,n.
A1,thin,adj.
A1,thinking,n.
A1,third,n.
A1,thought,n.
A1,throw,v.
A1,tidy,"adj.,v."
A1,tie,"v.,n."
A1,tip,n.
A1,tool,n.
A1,top,"n.,adj."
A1,touch,v.
A1,tour,n.
A1,tourism,n.
A1,towards,prep.
A1,towel,n.
A1,tower,n.
A1,toy,"n.,adj."
A1,track,n.
A1,tradition,n.
A1,traditional,adj.
A1,train,v.
A1,trainer,n.
A1,training,n.
A1,transport,n.
A1,traveller,n.
A1,trouble,n.
A1,truck,n.
A1,twin,"n.,adj."
A1,typical,adj.
A1,underground,"adj.,adv."
A1,understanding,n.
A1,unfortunately,adv.
A1,unhappy,adj.
A1,uniform,n.
A1,unit,n.
A1,united,adj.
A1,unusual,adj.
A1,upstairs,adj.
A1,use,n.
A1,modal,v.
A1,user,n.
A1,usual,adj.
A1,valley,n.
A1,van,n.
A1,variety,n.
A1,vehicle,n.
A1,view,n.
A1,virus,n.
A1,voice,n.
A1,wait,n.
A1,war,n.
A1,wash,n.
A1,washing,n.
A1,wave,n.
A1,weak,adj.
A1,web,n.
A1,wedding,n.
A1,weight,n.
A1,welcome,n.
A1,wet,adj.
A1,wheel,n.
A1,while,conj.
A1,whole,adj.
A1,whose,det.
A1,wide,adj.
A1,wild,adj.
A1,winner,n.
A1,wish,"v.,n."
A1,wood,n.
A1,wooden,adj.
A1,working,adj.
A1,worried,adj.
A1,worry,v.
A1,worse,adj.
A1,worst,adj.
A1,yet,adv.
A1,yours,pron.
A1,absolutely,adv.
A1,academic,adj.
A1,access,"n.,v."
A1,accommodation,n.
A1,account,n.
A1,achievement,n.
A1,act,n.
A1,ad,n.
A1,addition,n.
A1,admire,v.
A1,admit,v.
A1,advanced,adj.
A1,advise,v.
A1,afford,v.
A1,age,v.
A1,aged,adj.
A1,agent,n.
A1,agreement,n.
A1,ahead,adv.
A1,aim,"v.,n."
A1,alarm,n.
A1,album,n.
A1,alcohol,n.
A1,alcoholic,adj.
A1,alternative,adj.
A1,amazed,adj.
A1,ambition,n.
A1,ambitious,adj.
A1,analyse,v.
A1,analysis,n.
A1,announce,v.
A1,announcement,n.
A1,annoy,v.
A1,annoyed,adj.
A1,annoying,adj.
A1,apart,adv.
A1,apologize,v.
A1,application,n.
A1,appointment,n.
A1,appreciate,v.
A1,approximately,adv.
A1,arrest,"v.,n."
A1,arrival,n.
A1,assignment,n.
A1,assist,v.
A1,atmosphere,n.
A1,attach,v.
A1,attitude,n.
A1,attract,v.
A1,attraction,n.
A1,authority,n.
A1,average,v.
A1,award,v.
A1,aware,adj.
A1,backwards,adv.
A1,bake,v.
A1,balance,"n.,v."
A1,ban,"v.,n."
A1,base,"n.,v."
A1,basic,adj.
A1,basis,n.
A1,battery,n.
A1,battle,n.
A1,beauty,n.
A1,bee,n.
A1,belief,n.
A1,bell,n.
A1,bend,"v.,n."
A1,benefit,v.
A1,better,n.
A1,bite,"v.,n."
A1,block,"n.,v."
A1,board,v.
A1,bomb,"n.,v."
A1,border,n.
A1,bother,v.
A1,branch,n.
A1,brand,"n.,v."
A1,brave,adj.
A1,breath,n.
A1,breathe,v.
A1,breathing,n.
A1,bride,n.
A1,bubble,n.
A1,bury,v.
A1,by,adv.
A1,calm,"adj.,v.,n."
A1,campaign,"n.,v."
A1,campus,n.
A1,candidate,n.
A1,cap,n.
A1,captain,n.
A1,careless,adj.
A1,category,n.
A1,ceiling,n.
A1,celebration,n.
A1,central,adj.
A1,centre,v.
A1,ceremony,n.
A1,chain,n.
A1,challenge,n.
A1,champion,n.
A1,channel,n.
A1,chapter,n.
A1,charge,"n.,v."
A1,cheap,adv.
A1,cheat,"v.,n."
A1,cheerful,adj.
A1,chemical,"adj.,n."
A1,chest,n.
A1,childhood,n.
A1,claim,"v.,n."
A1,clause,n.
A1,clear,v.
A1,click,"v.,n."
A1,client,n.
A1,climb,n.
A1,cloth,n.
A1,clue,n.
A1,coach,v.
A1,coal,n.
A1,coin,n.
A1,collection,n.
A1,coloured,adj.
A1,combine,v.
A1,comment,v.
A1,commercial,"adj.,n."
A1,commit,v.
A1,communication,n.
A1,comparison,n.
A1,competitor,n.
A1,competitive,adj.
A1,complaint,n.
A1,complex,adj.
A1,concentrate,v.
A1,conclude,v.
A1,conclusion,n.
A1,confident,adj.
A1,confirm,v.
A1,confuse,v.
A1,confused,adj.
A1,connection,n.
A1,consequence,n.
A1,consist,v.
A1,consume,v.
A1,consumer,n.
A1,contact,"n.,v."
A1,container,n.
A1,continuous,adj.
A1,contrast,"n.,v."
A1,convenient,adj.
A1,convince,v.
A1,cool,v.
A1,costume,n.
A1,cottage,n.
A1,cotton,n.
A1,count,n.
A1,countryside,n.
A1,court,n.
A1,cover,n.
A1,covered,adj.
A1,cream,adj.
A1,criminal,adj.
A1,cruel,adj.
A1,cultural,adj.
A1,currency,n.
A1,current,adj.
A1,currently,adv.
A1,curtain,n.
A1,custom,n.
A1,cut,n.
A1,daily,adv.
A1,damage,"n.,v."
A1,deal,n.
A1,decade,n.
A1,decorate,v.
A1,deep,adv.
A1,define,v.
A1,definite,adj.
A1,definition,n.
A1,deliver,v.
A1,departure,n.
A1,despite,prep.
A1,destination,n.
A1,determine,v.
A1,determined,adj.
A1,development,n.
A1,diagram,n.
A1,diamond,n.
A1,difficulty,n.
A1,direct,"v.,adv."
A1,directly,adv.
A1,dirt,n.
A1,disadvantage,n.
A1,disappointed,adj.
A1,disappointing,adj.
A1,discount,n.
A1,dislike,"v.,n."
A1,divide,v.
A1,documentary,n.
A1,donate,v.
A1,double,adv.
A1,doubt,"n.,v."
A1,dressed,adj.
A1,drop,n.
A1,drum,n.
A1,drunk,adj.
A1,due,adj.
A1,dust,n.
A1,duty,n.
A1,earthquake,n.
A1,eastern,adj.
A1,economic,adj.
A1,economy,n.
A1,edge,n.
A1,editor,n.
A1,educate,v.
A1,educated,adj.
A1,educational,adj.
A1,effective,adj.
A1,effectively,adv.
A1,effort,n.
A1,election,n.
A1,element,n.
A1,embarrassed,adj.
A1,embarrassing,adj.
A1,emergency,n.
A1,emotion,n.
A1,employment,n.
A1,empty,v.
A1,encourage,v.
A1,enemy,n.
A1,engaged,adj.
A1,engineering,n.
A1,entertain,v.
A1,entertainment,n.
A1,entrance,n.
A1,entry,n.
A1,environmental,adj.
A1,episode,n.
A1,equal,"adj.,v."
A1,equally,adv.
A1,escape,"v.,n."
A1,essential,adj.
A1,eventually,adv.
A1,examine,v.
A1,except,conj.
A1,exchange,"n.,v."
A1,excitement,n.
A1,exhibition,n.
A1,expand,v.
A1,expected,adj.
A1,expedition,n.
A1,experience,v.
A1,experienced,adj.
A1,experiment,v.
A1,explode,v.
A1,explore,v.
A1,explosion,n.
A1,export,"n.,v."
A1,extra,"n.,adv."
A1,face,v.
A1,fairly,adv.
A1,familiar,adj.
A1,fancy,"v.,adj."
A1,far,adj.
A1,fascinating,adj.
A1,fashionable,adj.
A1,fasten,v.
A1,favour,n.
A1,fear,v.
A1,feature,v.
A1,fence,n.
A1,fighting,n.
A1,file,n.
A1,financial,adj.
A1,fire,v.
A1,fitness,n.
A1,fixed,adj.
A1,flag,n.
A1,flood,"n.,v."
A1,flour,n.
A1,flow,"v.,n."
A1,fold,v.
A1,folk,"n.,adj."
A1,following,n.
A1,force,"n.,v."
A1,forever,adv.
A1,frame,"n.,v."
A1,freeze,v.
A1,frequently,adv.
A1,friendship,n.
A1,frighten,v.
A1,frightened,adj.
A1,frightening,adj.
A1,frozen,adj.
A1,fry,v.
A1,fuel,n.
A1,function,n.
A1,fur,n.
A1,further,adv.
A1,garage,n.
A1,gather,v.
A1,generally,adv.
A1,generation,n.
A1,generous,adj.
A1,gentle,adj.
A1,gentleman,n.
A1,ghost,n.
A1,giant,"adj.,n."
A1,glad,adj.
A1,global,adj.
A1,glove,n.
A1,go,n.
A1,goods,n.
A1,grade,n.
A1,graduate,"n.,v."
A1,grain,n.
A1,grateful,adj.
A1,growth,n.
A1,guard,"n.,v."
A1,guilty,adj.
A1,hand,v.
A1,hang,v.
A1,happiness,n.
A1,hardly,adv.
A1,hate,n.
A1,head,v.
A1,headline,n.
A1,heating,n.
A1,heavily,adv.
A1,helicopter,n.
A1,highlight,"v.,n."
A1,highly,adv.
A1,hire,v.
A1,historic,adj.
A1,historical,adj.
A1,honest,adj.
A1,horrible,adj.
A1,horror,n.
A1,host,n.
A1,hunt,v.
A1,hurricane,n.
A1,hurry,"n.,v."
A1,identity,n.
A1,ignore,v.
A1,illegal,adj.
A1,imaginary,adj.
A1,immediate,adj.
A1,immigrant,n.
A1,impact,"n.,v."
A1,import,"n.,v."
A1,importance,n.
A1,impression,n.
A1,impressive,adj.
A1,improvement,n.
A1,incredibly,adv.
A1,indeed,adv.
A1,indicate,v.
A1,indirect,adj.
A1,indoor,adj.
A1,indoors,adv.
A1,influence,"n.,v."
A1,ingredient,n.
A1,injure,v.
A1,injured,adj.
A1,innocent,adj.
A1,intelligence,n.
A1,intend,v.
A1,intention,n.
A1,invest,v.
A1,investigate,v.
A1,involved,adj.
A1,iron,"n.,v."
A1,issue,n.
A1,it,n.
A1,journal,n.
A1,judge,"n.,v."
A1,keen,adj.
A1,key,v.
A1,keyboard,n.
A1,kick,"v.,n."
A1,killing,n.
A1,kiss,"v.,n."
A1,knock,n.
A1,label,"n.,v."
A1,laboratory,n.
A1,lack,"n.,v."
A1,latest,adj.
A1,lay,v.
A1,layer,n.
A1,leading,adj.
A1,leaf,n.
A1,leather,n.
A1,legal,adj.
A1,leisure,n.
A1,length,n.
A1,level,adj.
A1,limit,"n.,v."
A1,lip,n.
A1,liquid,"n.,adj."
A1,literature,n.
A1,living,"adj.,n."
A1,local,n.
A1,locate,v.
A1,located,adj.
A1,location,n.
A1,lonely,adj.
A1,loss,n.
A1,luxury,n.
A1,mad,adj.
A1,magic,"n.,adj."
A1,mainly,adv.
A1,mall,n.
A1,management,n.
A1,market,v.
A1,marketing,n.
A1,marriage,n.
A1,meanwhile,adv.
A1,measure,"v.,n."
A1,medium,adj.
A1,mental,adj.
A1,mention,n.
A1,mess,n.
A1,mild,adj.
A1,mix,"v.,n."
A1,mixture,n.
A1,mood,n.
A1,move,n.
A1,mud,n.
A1,murder,"n.,v."
A1,muscle,n.
A1,musical,n.
A1,mystery,n.
A1,nail,n.
A1,narrative,"n.,adj."
A1,nation,n.
A1,native,"adj.,n."
A1,naturally,adv.
A1,necessarily,adv.
A1,modal,v.
A1,needle,n.
A1,neighbourhood,n.
A1,neither,adv.
A1,net,n.
A1,next,n.
A1,nor,conj.
A1,normal,n.
A1,northern,adj.
A1,note,v.
A1,now,conj.
A1,nuclear,adj.
A1,obvious,adj.
A1,obviously,adv.
A1,occasion,n.
A1,occur,v.
A1,odd,adj.
A1,official,adj.
A1,old-fashioned,adj.
A1,once,conj.
A1,operation,n.
A1,organized,adj.
A1,organizer,n.
A1,original,n.
A1,originally,adv.
A1,modal,v.
A1,ours,pron.
A1,outdoor,adj.
A1,outdoors,adv.
A1,pack,n.
A1,package,n.
A1,painful,adj.
A1,pale,adj.
A1,pan,n.
A1,participate,v.
A1,particularly,adv.
A1,pass,n.
A1,passion,n.
A1,path,n.
A1,payment,n.
A1,peaceful,adj.
A1,percentage,n.
A1,perfectly,adv.
A1,performance,n.
A1,personally,adv.
A1,persuade,v.
A1,photographer,n.
A1,photography,n.
A1,pin,"n.,v."
A1,pipe,n.
A1,place,v.
A1,planning,n.
A1,pleasant,adj.
A1,pleasure,n.
A1,plenty,pron.
A1,plot,n.
A1,poem,n.
A1,poet,n.
A1,poetry,n.
A1,point,v.
A1,poison,"n.,v."
A1,poisonous,adj.
A1,policy,n.
A1,political,adj.
A1,politician,n.
A1,politics,n.
A1,port,n.
A1,portrait,n.
A1,possibly,adv.
A1,pot,n.
A1,pour,v.
A1,poverty,n.
A1,powder,n.
A1,powerful,adj.
A1,practical,adj.
A1,pray,v.
A1,prayer,n.
A1,prediction,n.
A1,prepared,adj.
A1,presentation,n.
A1,press,"n.,v."
A1,pressure,n.
A1,pretend,v.
A1,previous,adj.
A1,previously,adv.
A1,priest,n.
A1,primary,adj.
A1,prince,n.
A1,princess,n.
A1,printing,n.
A1,prisoner,n.
A1,private,adj.
A1,producer,n.
A1,production,n.
A1,profession,n.
A1,profit,n.
A1,program,v.
A1,promote,v.
A1,proper,adj.
A1,properly,adv.
A1,property,n.
A1,protest,"n.,v."
A1,proud,adj.
A1,prove,v.
A1,pull,n.
A1,punish,v.
A1,punishment,n.
A1,push,n.
A1,qualification,n.
A1,qualified,adj.
A1,qualify,v.
A1,queue,"n.,v."
A1,quit,v.
A1,quotation,n.
A1,quote,"v.,n."
A1,racing,n.
A1,range,n.
A1,rare,adj.
A1,rarely,adv.
A1,reaction,n.
A1,reality,n.
A1,receipt,n.
A1,recommendation,n.
A1,reference,n.
A1,reflect,v.
A1,regularly,adv.
A1,reject,v.
A1,relate,v.
A1,related,adj.
A1,relation,n.
A1,relative,"adj.,n."
A1,relaxed,adj.
A1,relaxing,adj.
A1,release,"v.,n."
A1,reliable,adj.
A1,religion,n.
A1,religious,adj.
A1,remain,v.
A1,remind,v.
A1,remote,adj.
A1,rent,"n.,v."
A1,repair,n.
A1,repeat,n.
A1,repeated,adj.
A1,represent,v.
A1,request,v.
A1,require,v.
A1,reservation,n.
A1,resource,n.
A1,respect,"n.,v."
A1,responsibility,n.
A1,responsible,adj.
A1,result,v.
A1,retire,v.
A1,retired,adj.
A1,revise,v.
A1,rise,n.
A1,risk,"n.,v."
A1,robot,n.
A1,roll,"v.,n."
A1,romantic,adj.
A1,rope,n.
A1,rough,adj.
A1,royal,adj.
A1,rugby,n.
A1,rule,v.
A1,safety,n.
A1,sail,n.
A1,sailor,n.
A1,sample,n.
A1,sand,n.
A1,scan,v.
A1,scientific,adj.
A1,script,n.
A1,sculpture,n.
A1,secondary,adj.
A1,security,n.
A1,seed,n.
A1,sensible,adj.
A1,separate,v.
A1,seriously,adv.
A1,servant,n.
A1,setting,n.
A1,sex,n.
A1,sexual,adj.
A1,shake,n.
A1,share,n.
A1,sharp,adj.
A1,shelf,n.
A1,shell,n.
A1,shift,n.
A1,shine,v.
A1,shiny,adj.
A1,shoot,v.
A1,shy,adj.
A1,sight,n.
A1,signal,"n.,v."
A1,silent,adj.
A1,silly,adj.
A1,similarity,n.
A1,similarly,adv.
A1,simply,adv.
A1,since,adv.
A1,sink,v.
A1,slice,"n.,v."
A1,slightly,adv.
A1,slow,v.
A1,smart,adj.
A1,smooth,adj.
A1,software,n.
A1,soil,n.
A1,solid,"adj.,n."
A1,sort,v.
A1,southern,adj.
A1,specifically,adv.
A1,spending,n.
A1,spicy,adj.
A1,spirit,n.
A1,spoken,adj.
A1,spot,n.
A1,spread,v.
A1,spring,v.
A1,stadium,n.
A1,staff,n.
A1,standard,"n.,adj."
A1,state,"adj.,v."
A1,statistic,n.
A1,statue,n.
A1,still,adj.
A1,store,v.
A1,stranger,n.
A1,strength,n.
A1,string,n.
A1,strongly,adv.
A1,studio,n.
A1,stuff,n.
A1,substance,n.
A1,successfully,adv.
A1,sudden,adj.
A1,suffer,v.
A1,suit,v.
A1,suitable,adj.
A1,summarize,v.
A1,summary,n.
A1,supply,"n.,v."
A1,supporter,n.
A1,surely,adv.
A1,surface,n.
A1,survive,v.
A1,swim,n.
A1,switch,v.
A1,symptom,n.
A1,tail,n.
A1,talent,n.
A1,talented,adj.
A1,tape,n.
A1,tax,"n.,v."
A1,technical,adj.
A1,technique,n.
A1,tend,v.
A1,tent,n.
A1,that,adv.
A1,theirs,pron.
A1,theme,n.
A1,theory,n.
A1,therefore,adv.
A1,this,adv.
A1,though,"conj.,adv."
A1,throat,n.
A1,throughout,prep.
A1,tight,adj.
A1,till,conj.
A1,tin,n.
A1,tiny,adj.
A1,tip,v.
A1,toe,n.
A1,tongue,n.
A1,total,"adj.,n."
A1,totally,adv.
A1,touch,n.
A1,tour,v.
A1,trade,"n.,v."
A1,translate,v.
A1,translation,n.
A1,transport,v.
A1,treat,v.
A1,treatment,n.
A1,trend,n.
A1,trick,"n.,v."
A1,truth,n.
A1,tube,n.
A1,type,v.
A1,typically,adv.
A1,tyre,n.
A1,ugly,adj.
A1,unable,adj.
A1,uncomfortable,adj.
A1,underwear,n.
A1,unemployed,adj.
A1,unemployment,n.
A1,unfair,adj.
A1,union,n.
A1,unless,conj.
A1,unlike,prep.
A1,unlikely,adj.
A1,unnecessary,adj.
A1,unpleasant,adj.
A1,update,"v.,n."
A1,upon,prep.
A1,upset,"adj.,v."
A1,valuable,adj.
A1,value,n.
A1,various,adj.
A1,version,n.
A1,victim,n.
A1,view,v.
A1,viewer,n.
A1,violent,adj.
A1,volunteer,"n.,v."
A1,vote,"n.,v."
A1,warm,v.
A1,warn,v.
A1,warning,n.
A1,waste,"n.,v.,adj."
A1,water,v.
A1,wave,v.
A1,weapon,n.
A1,weigh,v.
A1,western,adj.
A1,whatever,det.
A1,whenever,conj.
A1,whether,conj.
A1,while,n.
A1,whole,n.
A1,will,n.
A1,win,n.
A1,wing,n.
A1,within,prep.
A1,wonder,"v.,n."
A1,wool,n.
A1,worldwide,"adj.,adv."
A1,worry,n.
A1,worse,adv.
A1,worst,adv.
A1,worth,adj.
A1,written,adj.
A1,wrong,adv.
A1,yard,n.
A1,young,n.
A1,youth,n.
A1,abandon,v.
A1,absolute,adj.
A1,academic,n.
A1,acceptable,adj.
A1,accompany,v.
A1,account,v.
A1,accurate,adj.
A1,accuse,v.
A1,acknowledge,v.
A1,acquire,v.
A1,actual,adj.
A1,adapt,v.
A1,additional,adj.
A1,address,v.
A1,administration,n.
A1,adopt,v.
A1,advance,"n.,v.,adj."
A1,affair,n.
A1,afterwards,adv.
A1,agency,n.
A1,agenda,n.
A1,aggressive,adj.
A1,aid,"n.,v."
A1,aircraft,n.
A1,alarm,v.
A1,alter,v.
A1,amount,v.
A1,anger,n.
A1,angle,n.
A1,anniversary,n.
A1,annual,adj.
A1,anxious,adj.
A1,apparent,adj.
A1,apparently,adv.
A1,appeal,"n.,v."
A1,approach,"n.,v."
A1,appropriate,adj.
A1,approval,n.
A1,approve,v.
A1,arise,v.
A1,armed,adj.
A1,arms,n.
A1,artificial,adj.
A1,artistic,adj.
A1,ashamed,adj.
A1,aspect,n.
A1,assess,v.
A1,assessment,n.
A1,associate,v.
A1,associated,adj.
A1,association,n.
A1,assume,v.
A1,attempt,"n.,v."
A1,back,v.
A1,bacteria,n.
A1,bar,v.
A1,barrier,n.
A1,basically,adv.
A1,battle,v.
A1,beat,n.
A1,beg,v.
A1,being,n.
A1,bent,adj.
A1,bet,"v.,n."
A1,beyond,"prep.,adv."
A1,bill,v.
A1,bitter,adj.
A1,blame,"v.,n."
A1,blind,adj.
A1,bond,n.
A1,border,v.
A1,breast,n.
A1,brief,adj.
A1,broad,adj.
A1,broadcast,"v.,n."
A1,budget,n.
A1,bullet,n.
A1,bunch,n.
A1,burn,n.
A1,bush,n.
A1,but,prep.
A1,cable,n.
A1,calculate,v.
A1,cancel,v.
A1,cancer,n.
A1,capable,adj.
A1,capacity,n.
A1,capture,"v.,n."
A1,cast,"n.,v."
A1,catch,n.
A1,cell,n.
A1,chain,v.
A1,chair,v.
A1,chairman,n.
A1,challenge,v.
A1,characteristic,"n.,adj."
A1,chart,v.
A1,chief,"adj.,n."
A1,circumstance,n.
A1,cite,v.
A1,citizen,n.
A1,civil,adj.
A1,classic,"adj.,n."
A1,closely,adv.
A1,collapse,"v.,n."
A1,combination,n.
A1,comfort,"n.,v."
A1,command,"n.,v."
A1,commission,"n.,v."
A1,commitment,n.
A1,committee,n.
A1,commonly,adv.
A1,complex,n.
A1,complicated,adj.
A1,component,n.
A1,concentration,n.
A1,concept,n.
A1,concern,"n.,v."
A1,concerned,adj.
A1,conduct,"v.,n."
A1,confidence,n.
A1,conflict,"n.,v."
A1,confusing,adj.
A1,conscious,adj.
A1,conservative,"adj.,n."
A1,consideration,n.
A1,consistent,adj.
A1,constant,adj.
A1,constantly,adv.
A1,construct,v.
A1,construction,n.
A1,contemporary,adj.
A1,contest,"n.,v."
A1,contract,"n.,v."
A1,contribute,v.
A1,contribution,n.
A1,convert,v.
A1,convinced,adj.
A1,core,"n.,adj."
A1,corporate,adj.
A1,council,n.
A1,county,n.
A1,courage,n.
A1,crash,"n.,v."
A1,creation,n.
A1,creature,n.
A1,credit,v.
A1,crew,n.
A1,crisis,n.
A1,criterion,n.
A1,critic,n.
A1,critical,adj.
A1,criticism,n.
A1,criticize,v.
A1,crop,n.
A1,crucial,adj.
A1,cry,n.
A1,cure,"v.,n."
A1,current,n.
A1,curve,"n.,v."
A1,curved,adj.
A1,date,v.
A1,debate,"n.,v."
A1,debt,n.
A1,decent,adj.
A1,declare,v.
A1,decline,"v.,n."
A1,decoration,n.
A1,decrease,"v.,n."
A1,deeply,adv.
A1,defeat,"v.,n."
A1,defence,n.
A1,defend,v.
A1,delay,"v.,n."
A1,deliberate,adj.
A1,deliberately,adv.
A1,delight,"v.,n."
A1,delighted,adj.
A1,delivery,n.
A1,demand,"n.,v."
A1,demonstrate,v.
A1,deny,v.
A1,depressed,adj.
A1,depressing,adj.
A1,depth,n.
A1,desert,v.
A1,deserve,v.
A1,desire,"n.,v."
A1,desperate,adj.
A1,detail,v.
A1,detailed,adj.
A1,detect,v.
A1,dig,v.
A1,disc,n.
A1,discipline,n.
A1,discount,v.
A1,dishonest,adj.
A1,dismiss,v.
A1,display,"v.,n."
A1,distribute,v.
A1,distribution,n.
A1,district,n.
A1,divide,n.
A1,division,n.
A1,document,v.
A1,domestic,adj.
A1,dominate,v.
A1,downwards,adv.
A1,dozen,"n.,det."
A1,draft,"n.,v."
A1,drag,v.
A1,dramatic,adj.
A1,edit,v.
A1,edition,n.
A1,efficient,adj.
A1,elderly,adj.
A1,elect,v.
A1,elsewhere,adv.
A1,emerge,v.
A1,emotional,adj.
A1,emphasis,n.
A1,emphasize,v.
A1,enable,v.
A1,encounter,"v.,n."
A1,engage,v.
A1,enhance,v.
A1,enquiry,n.
A1,ensure,v.
A1,enthusiasm,n.
A1,enthusiastic,adj.
A1,entire,adj.
A1,entirely,adv.
A1,equal,n.
A1,establish,v.
A1,estate,n.
A1,estimate,"v.,n."
A1,ethical,adj.
A1,evaluate,v.
A1,even,adj.
A1,evil,"adj.,n."
A1,examination,n.
A1,excuse,"n.,v."
A1,executive,"n.,adj."
A1,existence,n.
A1,expectation,n.
A1,expense,n.
A1,exploration,n.
A1,expose,v.
A1,extend,v.
A1,extent,n.
A1,external,adj.
A1,extraordinary,adj.
A1,extreme,n.
A1,facility,n.
A1,failure,n.
A1,faith,n.
A1,fault,n.
A1,favour,v.
A1,feather,n.
A1,fee,n.
A1,feed,n.
A1,feedback,n.
A1,feel,n.
A1,fellow,adj.
A1,figure,v.
A1,file,v.
A1,finance,"n.,v."
A1,finding,n.
A1,firm,n.
A1,fix,n.
A1,flame,n.
A1,flash,"n.,v."
A1,flexible,adj.
A1,float,v.
A1,fold,n.
A1,folding,adj.
A1,following,prep.
A1,forgive,v.
A1,former,adj.
A1,fortune,n.
A1,forward,adj.
A1,found,v.
A1,free,v.
A1,freedom,n.
A1,frequency,n.
A1,fuel,v.
A1,fully,adv.
A1,function,v.
A1,fund,"n.,v."
A1,fundamental,adj.
A1,funding,n.
A1,furthermore,adv.
A1,gain,"v.,n."
A1,gang,n.
A1,generate,v.
A1,genre,n.
A1,govern,v.
A1,grab,v.
A1,grade,v.
A1,gradually,adv.
A1,grand,adj.
A1,grant,"v.,n."
A1,guarantee,"v.,n."
A1,handle,"v.,n."
A1,harm,"n.,v."
A1,harmful,adj.
A1,hearing,n.
A1,heaven,n.
A1,heel,n.
A1,hell,n.
A1,hesitate,v.
A1,high,n.
A1,hire,n.
A1,hold,n.
A1,hollow,adj.
A1,holy,adj.
A1,honour,"n.,v."
A1,host,v.
A1,house,v.
A1,household,n.
A1,housing,n.
A1,humorous,adj.
A1,humour,n.
A1,hunt,n.
A1,hunting,n.
A1,hurt,n.
A1,ideal,n.
A1,illustrate,v.
A1,illustration,n.
A1,imagination,n.
A1,impatient,adj.
A1,imply,v.
A1,impose,v.
A1,impress,v.
A1,impressed,adj.
A1,inch,n.
A1,incident,n.
A1,income,n.
A1,increasingly,adv.
A1,industrial,adj.
A1,infection,n.
A1,inform,v.
A1,initial,adj.
A1,initially,adv.
A1,initiative,n.
A1,inner,adj.
A1,insight,n.
A1,insist,v.
A1,inspire,v.
A1,install,v.
A1,instance,n.
A1,institute,n.
A1,institution,n.
A1,insurance,n.
A1,intended,adj.
A1,intense,adj.
A1,internal,adj.
A1,interpret,v.
A1,interrupt,v.
A1,investigation,n.
A1,investment,n.
A1,issue,v.
A1,joy,n.
A1,judgement,n.
A1,junior,adj.
A1,justice,n.
A1,justify,v.
A1,labour,n.
A1,landscape,n.
A1,largely,adv.
A1,latest,n.
A1,launch,"v.,n."
A1,leadership,n.
A1,league,n.
A1,lean,v.
A1,leave,n.
A1,level,v.
A1,licence,n.
A1,limited,adj.
A1,line,v.
A1,lively,adj.
A1,load,"n.,v."
A1,loan,n.
A1,logical,adj.
A1,long-term,"adj.,adv."
A1,loose,adj.
A1,lord,n.
A1,low,n.
A1,lower,v.
A1,lung,n.
A1,maintain,v.
A1,majority,n.
A1,make,n.
A1,map,v.
A1,mass,"n.,adj."
A1,massive,adj.
A1,master,"n.,v."
A1,matching,adj.
A1,material,adj.
A1,maximum,"adj.,n."
A1,means,n.
A1,measurement,n.
A1,medium,n.
A1,melt,v.
A1,military,"adj.,n."
A1,mineral,n.
A1,minimum,"adj.,n."
A1,minister,n.
A1,minor,adj.
A1,minority,n.
A1,mission,n.
A1,mistake,v.
A1,mixed,adj.
A1,model,v.
A1,modify,v.
A1,monitor,"n.,v."
A1,moral,"adj.,n."
A1,motor,"n.,adj."
A1,mount,v.
A1,multiple,adj.
A1,multiply,v.
A1,mysterious,adj.
A1,narrow,v.
A1,national,n.
A1,neat,adj.
A1,negative,n.
A1,nerve,n.
A1,nevertheless,adv.
A1,nightmare,n.
A1,notion,n.
A1,numerous,adj.
A1,obey,v.
A1,object,v.
A1,objective,"n.,adj."
A1,obligation,n.
A1,observation,n.
A1,observe,v.
A1,obtain,v.
A1,occasionally,adv.
A1,offence,n.
A1,offend,v.
A1,offensive,adj.
A1,official,n.
A1,opening,n.
A1,operate,v.
A1,opponent,n.
A1,oppose,v.
A1,opposed,adj.
A1,opposition,n.
A1,organ,n.
A1,origin,n.
A1,otherwise,adv.
A1,outcome,n.
A1,outer,adj.
A1,outline,"n.,v."
A1,overall,"adj.,adv."
A1,owe,v.
A1,pace,"n.,v."
A1,package,v.
A1,panel,n.
A1,parliament,n.
A1,participant,n.
A1,partly,adv.
A1,passage,n.
A1,patient,adj.
A1,permanent,adj.
A1,permit,"v.,n."
A1,perspective,n.
A1,phase,n.
A1,phenomenon,n.
A1,philosophy,n.
A1,pick,n.
A1,picture,v.
A1,pile,"n.,v."
A1,pitch,n.
A1,plain,adj.
A1,plot,v.
A1,pointed,adj.
A1,popularity,n.
A1,pose,v.
A1,position,v.
A1,positive,n.
A1,possess,v.
A1,potential,"adj.,n."
A1,power,v.
A1,praise,"n.,v."
A1,pregnant,adj.
A1,preparation,n.
A1,presence,n.
A1,preserve,v.
A1,price,v.
A1,prime,adj.
A1,principle,n.
A1,print,n.
A1,priority,n.
A1,privacy,n.
A1,procedure,n.
A1,process,v.
A1,produce,n.
A1,professional,n.
A1,progress,v.
A1,project,v.
A1,proof,n.
A1,proposal,n.
A1,propose,v.
A1,prospect,n.
A1,protection,n.
A1,psychologist,n.
A1,psychology,n.
A1,publication,n.
A1,pupil,n.
A1,purchase,"n.,v."
A1,pure,adj.
A1,pursue,v.
A1,range,v.
A1,rank,"n.,v."
A1,rapid,adj.
A1,rapidly,adv.
A1,rate,v.
A1,raw,adj.
A1,reach,n.
A1,realistic,adj.
A1,reasonable,adj.
A1,recall,v.
A1,recover,v.
A1,reduction,n.
A1,regard,"v.,n."
A1,regional,adj.
A1,register,"v.,n."
A1,regret,"v.,n."
A1,regulation,n.
A1,relatively,adv.
A1,relevant,adj.
A1,relief,n.
A1,rely,v.
A1,remark,"n.,v."
A1,representative,"n.,adj."
A1,reputation,n.
A1,requirement,n.
A1,rescue,"v.,n."
A1,reserve,"n.,v."
A1,resident,"n.,adj."
A1,resist,v.
A1,resolve,v.
A1,resort,n.
A1,retain,v.
A1,reveal,v.
A1,revolution,n.
A1,reward,"n.,v."
A1,rhythm,n.
A1,rid,v.
A1,root,n.
A1,round,n.
A1,routine,adj.
A1,rub,v.
A1,rubber,"n.,adj."
A1,rural,adj.
A1,rush,"v.,n."
A1,sample,v.
A1,satellite,n.
A1,satisfied,adj.
A1,satisfy,v.
A1,saving,n.
A1,scale,n.
A1,schedule,v.
A1,scheme,n.
A1,scream,"v.,n."
A1,screen,v.
A1,seat,v.
A1,sector,n.
A1,secure,"v.,adj."
A1,seek,v.
A1,select,v.
A1,selection,n.
A1,self,n.
A1,senior,adj.
A1,sense,v.
A1,sensitive,adj.
A1,sentence,v.
A1,sequence,n.
A1,session,n.
A1,settle,v.
A1,severe,adj.
A1,shade,n.
A1,shadow,n.
A1,shallow,adj.
A1,shame,n.
A1,shape,v.
A1,shelter,"n.,v."
A1,shift,v.
A1,ship,v.
A1,shock,"n.,v."
A1,shocked,adj.
A1,shooting,n.
A1,shot,n.
A1,significant,adj.
A1,significantly,adv.
A1,silence,n.
A1,silk,n.
A1,sincere,adj.
A1,slave,n.
A1,slide,"v.,n."
A1,slight,adj.
A1,slip,v.
A1,slope,"n.,v."
A1,solar,adj.
A1,somewhat,adv.
A1,soul,n.
A1,specialist,"n.,adj."
A1,species,n.
A1,speed,v.
A1,spiritual,adj.
A1,split,"v.,n."
A1,sponsor,"v.,n."
A1,spot,v.
A1,spread,n.
A1,stable,adj.
A1,stage,v.
A1,stand,n.
A1,stare,v.
A1,status,n.
A1,steady,adj.
A1,steel,n.
A1,steep,adj.
A1,step,v.
A1,sticky,adj.
A1,stiff,adj.
A1,stock,n.
A1,stream,n.
A1,stretch,"v.,n."
A1,strict,adj.
A1,strike,"v.,n."
A1,structure,v.
A1,struggle,"v.,n."
A1,stuff,v.
A1,subject,adj.
A1,submit,v.
A1,sum,"n.,v."
A1,surgery,n.
A1,surround,v.
A1,surrounding,adj.
A1,survey,v.
A1,suspect,"v.,n."
A1,swear,v.
A1,sweep,v.
A1,switch,n.
A1,sympathy,n.
A1,tale,n.
A1,tank,n.
A1,target,v.
A1,temporary,adj.
A1,term,v.
A1,therapy,n.
A1,threat,n.
A1,threaten,v.
A1,thus,adv.
A1,time,v.
A1,title,v.
A1,tone,n.
A1,tough,adj.
A1,track,v.
A1,transfer,"v.,n."
A1,transform,v.
A1,transition,n.
A1,trial,n.
A1,trip,v.
A1,tropical,adj.
A1,trouble,v.
A1,truly,adv.
A1,trust,"n.,v."
A1,try,n.
A1,tune,n.
A1,tunnel,n.
A1,ultimately,adv.
A1,unconscious,adj.
A1,unexpected,adj.
A1,unique,adj.
A1,universe,n.
A1,unknown,adj.
A1,upper,adj.
A1,upwards,adv.
A1,urban,adj.
A1,urge,v.
A1,value,v.
A1,vary,v.
A1,vast,adj.
A1,venue,n.
A1,very,adj.
A1,via,prep.
A1,victory,n.
A1,violence,n.
A1,virtual,adj.
A1,vision,n.
A1,visual,adj.
A1,vital,adj.
A1,vitamin,n.
A1,volume,n.
A1,wage,n.
A1,way,adv.
A1,weakness,n.
A1,wealth,n.
A1,wealthy,adj.
A1,whereas,conj.
A1,wherever,conj.
A1,whisper,"v.,n."
A1,whom,pron.
A1,widely,adv.
A1,wildlife,n.
A1,willing,adj.
A1,wire,n.
A1,wise,adj.
A1,witness,"n.,v."
A1,worse,n.
A1,worst,n.
A1,worth,n.
A1,wound,"n.,v."
A1,wrap,v.
A1,wrong,n.
A1,yet,conj.
A1,zone,n.
B2/C1,absorb,v.
B2/C1,abstract,adj.
B2/C1,accent,n.
B2/C1,accidentally,adv.
B2/C1,accommodate,v.
B2/C1,accomplish,v.
B2/C1,accountant,n.
B2/C1,accuracy,n.
B2/C1,accurately,adv.
B2/C1,acid,n.
B2/C1,activate,v.
B2/C1,addiction,n.
B2/C1,additionally,adv.
B2/C1,adequate,adj.
B2/C1,adequately,adv.
B2/C1,adjust,v.
B2/C1,affordable,adj.
B2/C1,agriculture,n.
B2/C1,aids,n.
B2/C1,alien,n.
B2/C1,alongside,prep.
B2/C1,altogether,adv.
B2/C1,ambulance,n.
B2/C1,amusing,adj.
B2/C1,analyst,n.
B2/C1,ancestor,n.
B2/C1,animation,n.
B2/C1,annually,adv.
B2/C1,anticipate,v.
B2/C1,anxiety,n.
B2/C1,apology,n.
B2/C1,applicant,n.
B2/C1,appropriately,adv.
B2/C1,arrow,n.
B2/C1,artwork,n.
B2/C1,aside,adv.
B2/C1,asset,n.
B2/C1,assign,v.
B2/C1,assistance,n.
B2/C1,assumption,n.
B2/C1,assure,v.
B2/C1,astonishing,adj.
B2/C1,attachment,n.
B2/C1,auction,n.
B2/C1,audio,adj.
B2/C1,automatic,adj.
B2/C1,automatically,adv.
B2/C1,awareness,n.
B2/C1,awkward,adj.
B2/C1,badge,n.
B2/C1,balanced,adj.
B2/C1,ballet,n.
B2/C1,balloon,n.
B2/C1,barely,adv.
B2/C1,bargain,n.
B2/C1,basement,n.
B2/C1,basket,n.
B2/C1,bat,n.
B2/C1,beneficial,adj.
B2/C1,beside,prep.
B2/C1,besides,"prep.,adv."
B2/C1,bias,n.
B2/C1,bid,"n.,v."
B2/C1,biological,adj.
B2/C1,blanket,n.
B2/C1,blow,n.
B2/C1,bold,adj.
B2/C1,bombing,n.
B2/C1,booking,n.
B2/C1,boost,"v.,n."
B2/C1,bound,adj.
B2/C1,brick,n.
B2/C1,briefly,adv.
B2/C1,broadcaster,n.
B2/C1,broadly,adv.
B2/C1,bug,n.
B2/C1,cabin,n.
B2/C1,canal,n.
B2/C1,candle,n.
B2/C1,carbon,n.
B2/C1,casual,adj.
B2/C1,cave,n.
B2/C1,certainty,n.
B2/C1,certificate,n.
B2/C1,challenging,adj.
B2/C1,championship,n.
B2/C1,charming,adj.
B2/C1,chase,"v.,n."
B2/C1,cheek,n.
B2/C1,cheer,"v.,n."
B2/C1,choir,n.
B2/C1,chop,v.
B2/C1,circuit,n.
B2/C1,civilization,n.
B2/C1,clarify,v.
B2/C1,classify,v.
B2/C1,clerk,n.
B2/C1,cliff,n.
B2/C1,clinic,n.
B2/C1,clip,n.
B2/C1,coincidence,n.
B2/C1,collector,n.
B2/C1,colony,n.
B2/C1,colourful,adj.
B2/C1,comic,"adj.,n."
B2/C1,commander,n.
B2/C1,comparative,adj.
B2/C1,completion,n.
B2/C1,compose,v.
B2/C1,composer,n.
B2/C1,compound,n.
B2/C1,comprehensive,adj.
B2/C1,comprise,v.
B2/C1,compulsory,adj.
B2/C1,concrete,"adj.,n."
B2/C1,confess,v.
B2/C1,confusion,n.
B2/C1,consequently,adv.
B2/C1,conservation,n.
B2/C1,considerable,adj.
B2/C1,considerably,adv.
B2/C1,consistently,adv.
B2/C1,conspiracy,n.
B2/C1,consult,v.
B2/C1,consultant,n.
B2/C1,consumption,n.
B2/C1,controversial,adj.
B2/C1,controversy,n.
B2/C1,convenience,n.
B2/C1,convention,n.
B2/C1,conventional,adj.
B2/C1,convey,v.
B2/C1,convincing,adj.
B2/C1,cope,v.
B2/C1,corporation,n.
B2/C1,corridor,n.
B2/C1,coverage,n.
B2/C1,crack,"v.,n."
B2/C1,craft,n.
B2/C1,creativity,n.
B2/C1,critically,adv.
B2/C1,cruise,"n.,v."
B2/C1,cue,n.
B2/C1,curious,adj.
B2/C1,curriculum,n.
B2/C1,cute,adj.
B2/C1,dairy,"n.,adj."
B2/C1,dare,v.
B2/C1,darkness,n.
B2/C1,database,n.
B2/C1,deadline,n.
B2/C1,deadly,adj.
B2/C1,dealer,n.
B2/C1,deck,n.
B2/C1,defender,n.
B2/C1,delete,v.
B2/C1,democracy,n.
B2/C1,democratic,adj.
B2/C1,demonstration,n.
B2/C1,depart,v.
B2/C1,dependent,adj.
B2/C1,deposit,n.
B2/C1,depression,n.
B2/C1,derive,v.
B2/C1,desperately,adv.
B2/C1,destruction,n.
B2/C1,determination,n.
B2/C1,devote,v.
B2/C1,differ,v.
B2/C1,disability,n.
B2/C1,disabled,adj.
B2/C1,disagreement,n.
B2/C1,disappoint,v.
B2/C1,disappointment,n.
B2/C1,discourage,v.
B2/C1,disorder,n.
B2/C1,distant,adj.
B2/C1,distinct,adj.
B2/C1,distinguish,v.
B2/C1,distract,v.
B2/C1,disturb,v.
B2/C1,dive,"v.,n."
B2/C1,diverse,adj.
B2/C1,diversity,n.
B2/C1,divorce,"n.,v."
B2/C1,dominant,adj.
B2/C1,donation,n.
B2/C1,dot,n.
B2/C1,downtown,"n.,adj.,adv."
B2/C1,dramatically,adv.
B2/C1,drought,n.
B2/C1,dull,adj.
B2/C1,dump,v.
B2/C1,duration,n.
B2/C1,dynamic,adj.
B2/C1,economics,n.
B2/C1,economist,n.
B2/C1,editorial,adj.
B2/C1,efficiently,adv.
B2/C1,elbow,n.
B2/C1,electronics,n.
B2/C1,elegant,adj.
B2/C1,elementary,adj.
B2/C1,eliminate,v.
B2/C1,embrace,v.
B2/C1,emission,n.
B2/C1,emotionally,adv.
B2/C1,empire,n.
B2/C1,enjoyable,adj.
B2/C1,entertaining,adj.
B2/C1,entrepreneur,n.
B2/C1,envelope,n.
B2/C1,equip,v.
B2/C1,equivalent,"n.,adj."
B2/C1,era,n.
B2/C1,erupt,v.
B2/C1,essentially,adv.
B2/C1,ethic,n.
B2/C1,ethnic,adj.
B2/C1,evaluation,n.
B2/C1,evident,adj.
B2/C1,evolution,n.
B2/C1,evolve,v.
B2/C1,exceed,v.
B2/C1,exception,n.
B2/C1,excessive,adj.
B2/C1,exclude,v.
B2/C1,exhibit,"v.,n."
B2/C1,exit,n.
B2/C1,exotic,adj.
B2/C1,expansion,n.
B2/C1,expertise,n.
B2/C1,exploit,v.
B2/C1,exposure,n.
B2/C1,extension,n.
B2/C1,extensive,adj.
B2/C1,extensively,adv.
B2/C1,extract,n.
B2/C1,fabric,n.
B2/C1,fabulous,adj.
B2/C1,failed,adj.
B2/C1,fake,adj.
B2/C1,fame,n.
B2/C1,fantasy,n.
B2/C1,fare,n.
B2/C1,federal,adj.
B2/C1,fever,n.
B2/C1,firefighter,n.
B2/C1,firework,n.
B2/C1,firm,adj.
B2/C1,firmly,adv.
B2/C1,flavour,n.
B2/C1,fond,adj.
B2/C1,fool,n.
B2/C1,forbid,v.
B2/C1,forecast,"n.,v."
B2/C1,format,n.
B2/C1,formation,n.
B2/C1,formerly,adv.
B2/C1,fortunate,adj.
B2/C1,forum,n.
B2/C1,fossil,n.
B2/C1,foundation,n.
B2/C1,founder,n.
B2/C1,fraction,n.
B2/C1,fragment,n.
B2/C1,framework,n.
B2/C1,fraud,n.
B2/C1,freely,adv.
B2/C1,frequent,adj.
B2/C1,fulfil,v.
B2/C1,full-time,adj.
B2/C1,fundamentally,adv.
B2/C1,furious,adj.
B2/C1,gaming,n.
B2/C1,gay,adj.
B2/C1,gender,n.
B2/C1,gene,n.
B2/C1,genetic,adj.
B2/C1,genius,n.
B2/C1,genuine,adj.
B2/C1,genuinely,adv.
B2/C1,gesture,n.
B2/C1,gig,n.
B2/C1,globalization,n.
B2/C1,globe,n.
B2/C1,golden,adj.
B2/C1,goodness,n.
B2/C1,gorgeous,adj.
B2/C1,governor,n.
B2/C1,graphic,adj.
B2/C1,graphics,n.
B2/C1,greatly,adv.
B2/C1,greenhouse,n.
B2/C1,grocery,n.
B2/C1,guideline,n.
B2/C1,habitat,n.
B2/C1,harbour,n.
B2/C1,headquarters,n.
B2/C1,heal,v.
B2/C1,healthcare,n.
B2/C1,helmet,n.
B2/C1,hence,adv.
B2/C1,herb,n.
B2/C1,hidden,adj.
B2/C1,highway,n.
B2/C1,hilarious,adj.
B2/C1,hip,n.
B2/C1,historian,n.
B2/C1,homeless,adj.
B2/C1,honesty,n.
B2/C1,hook,n.
B2/C1,hopefully,adv.
B2/C1,hunger,n.
B2/C1,hypothesis,n.
B2/C1,icon,n.
B2/C1,id,n.
B2/C1,identical,adj.
B2/C1,illusion,n.
B2/C1,immigration,n.
B2/C1,immune,adj.
B2/C1,implement,v.
B2/C1,implication,n.
B2/C1,incentive,n.
B2/C1,incorporate,v.
B2/C1,incorrect,adj.
B2/C1,independence,n.
B2/C1,index,n.
B2/C1,indication,n.
B2/C1,inevitable,adj.
B2/C1,inevitably,adv.
B2/C1,infer,v.
B2/C1,inflation,n.
B2/C1,info,n.
B2/C1,infrastructure,n.
B2/C1,inhabitant,n.
B2/C1,inherit,v.
B2/C1,ink,n.
B2/C1,innovation,n.
B2/C1,innovative,adj.
B2/C1,input,n.
B2/C1,insert,v.
B2/C1,inspector,n.
B2/C1,installation,n.
B2/C1,instant,adj.
B2/C1,instantly,adv.
B2/C1,integrate,v.
B2/C1,intellectual,adj.
B2/C1,interact,v.
B2/C1,interaction,n.
B2/C1,interpretation,n.
B2/C1,interval,n.
B2/C1,invade,v.
B2/C1,invasion,n.
B2/C1,investor,n.
B2/C1,isolate,v.
B2/C1,isolated,adj.
B2/C1,jail,"n.,v."
B2/C1,jet,n.
B2/C1,joint,"adj.,n."
B2/C1,journalism,n.
B2/C1,jury,n.
B2/C1,kit,n.
B2/C1,ladder,n.
B2/C1,landing,n.
B2/C1,lane,n.
B2/C1,lately,adv.
B2/C1,leaflet,n.
B2/C1,legend,n.
B2/C1,lens,n.
B2/C1,lifetime,n.
B2/C1,lighting,n.
B2/C1,likewise,adv.
B2/C1,limitation,n.
B2/C1,literally,adv.
B2/C1,literary,adj.
B2/C1,litre,n.
B2/C1,litter,n.
B2/C1,logo,n.
B2/C1,lottery,n.
B2/C1,loyal,adj.
B2/C1,lyric,n.
B2/C1,magnificent,adj.
B2/C1,make-up,n.
B2/C1,making,n.
B2/C1,manufacture,v.
B2/C1,manufacturing,n.
B2/C1,marathon,n.
B2/C1,margin,n.
B2/C1,marker,n.
B2/C1,martial,adj.
B2/C1,mate,"n.,v."
B2/C1,mayor,n.
B2/C1,mechanic,n.
B2/C1,mechanical,adj.
B2/C1,mechanism,n.
B2/C1,medal,n.
B2/C1,medication,n.
B2/C1,membership,n.
B2/C1,memorable,adj.
B2/C1,metaphor,n.
B2/C1,miner,n.
B2/C1,miserable,adj.
B2/C1,mode,n.
B2/C1,modest,adj.
B2/C1,monster,n.
B2/C1,monthly,adj.
B2/C1,monument,n.
B2/C1,moreover,adv.
B2/C1,mortgage,n.
B2/C1,mosque,n.
B2/C1,motion,n.
B2/C1,motivate,v.
B2/C1,motivation,n.
B2/C1,moving,adj.
B2/C1,myth,n.
B2/C1,naked,adj.
B2/C1,nasty,adj.
B2/C1,navigation,n.
B2/C1,nearby,"adj.,adv."
B2/C1,necessity,n.
B2/C1,negotiate,v.
B2/C1,negotiation,n.
B2/C1,neutral,adj.
B2/C1,newly,adv.
B2/C1,norm,n.
B2/C1,notebook,n.
B2/C1,novelist,n.
B2/C1,nowadays,adv.
B2/C1,nursing,adj.
B2/C1,nutrition,n.
B2/C1,obesity,n.
B2/C1,observer,n.
B2/C1,obstacle,n.
B2/C1,occupation,n.
B2/C1,occupy,v.
B2/C1,offender,n.
B2/C1,ongoing,adj.
B2/C1,openly,adv.
B2/C1,opera,n.
B2/C1,operator,n.
B2/C1,optimistic,adj.
B2/C1,orchestra,n.
B2/C1,organic,adj.
B2/C1,outfit,n.
B2/C1,output,n.
B2/C1,outstanding,adj.
B2/C1,overcome,v.
B2/C1,overnight,adv.
B2/C1,overseas,"adv.,adj."
B2/C1,ownership,n.
B2/C1,oxygen,n.
B2/C1,packet,n.
B2/C1,palm,n.
B2/C1,panic,n.
B2/C1,parade,n.
B2/C1,parallel,"adj.,n."
B2/C1,participation,n.
B2/C1,partnership,n.
B2/C1,part-time,adj.
B2/C1,passionate,adj.
B2/C1,password,n.
B2/C1,patience,n.
B2/C1,pause,"v.,n."
B2/C1,peer,n.
B2/C1,penalty,n.
B2/C1,perceive,v.
B2/C1,perception,n.
B2/C1,permanently,adv.
B2/C1,pill,n.
B2/C1,pity,n.
B2/C1,placement,n.
B2/C1,portion,n.
B2/C1,potentially,adv.
B2/C1,precede,v.
B2/C1,precious,adj.
B2/C1,precise,adj.
B2/C1,precisely,adv.
B2/C1,predictable,adj.
B2/C1,preference,n.
B2/C1,pride,n.
B2/C1,primarily,adv.
B2/C1,principal,adj.
B2/C1,prior,adj.
B2/C1,probability,n.
B2/C1,probable,adj.
B2/C1,proceed,v.
B2/C1,programming,n.
B2/C1,progressive,adj.
B2/C1,prohibit,v.
B2/C1,promising,adj.
B2/C1,promotion,n.
B2/C1,prompt,v.
B2/C1,proportion,n.
B2/C1,protein,n.
B2/C1,protester,n.
B2/C1,psychological,adj.
B2/C1,publicity,n.
B2/C1,publishing,n.
B2/C1,punk,n.
B2/C1,purely,adv.
B2/C1,pursuit,n.
B2/C1,puzzle,n.
B2/C1,questionnaire,n.
B2/C1,racial,adj.
B2/C1,racism,n.
B2/C1,racist,"adj.,n."
B2/C1,radiation,n.
B2/C1,rail,n.
B2/C1,random,adj.
B2/C1,rat,n.
B2/C1,rating,n.
B2/C1,reasonably,adv.
B2/C1,rebuild,v.
B2/C1,receiver,n.
B2/C1,recession,n.
B2/C1,reckon,v.
B2/C1,recognition,n.
B2/C1,recovery,n.
B2/C1,recruit,"v.,n."
B2/C1,recruitment,n.
B2/C1,referee,n.
B2/C1,refugee,n.
B2/C1,registration,n.
B2/C1,regulate,v.
B2/C1,reinforce,v.
B2/C1,relieve,v.
B2/C1,relieved,adj.
B2/C1,remarkable,adj.
B2/C1,remarkably,adv.
B2/C1,reporting,n.
B2/C1,resign,v.
B2/C1,resolution,n.
B2/C1,restore,v.
B2/C1,restrict,v.
B2/C1,restriction,n.
B2/C1,retail,n.
B2/C1,retirement,n.
B2/C1,revenue,n.
B2/C1,revision,n.
B2/C1,ridiculous,adj.
B2/C1,risky,adj.
B2/C1,rival,"n.,adj."
B2/C1,rob,v.
B2/C1,robbery,n.
B2/C1,rocket,n.
B2/C1,romance,n.
B2/C1,rose,n.
B2/C1,roughly,adv.
B2/C1,ruin,"v.,n."
B2/C1,satisfaction,n.
B2/C1,scandal,n.
B2/C1,scare,"v.,n."
B2/C1,scenario,n.
B2/C1,scholar,n.
B2/C1,scholarship,n.
B2/C1,scratch,"v.,n."
B2/C1,screening,n.
B2/C1,seeker,n.
B2/C1,seminar,n.
B2/C1,settler,n.
B2/C1,severely,adv.
B2/C1,sexy,adj.
B2/C1,shaped,adj.
B2/C1,shocking,adj.
B2/C1,shore,n.
B2/C1,shortage,n.
B2/C1,shortly,adv.
B2/C1,short-term,adj.
B2/C1,sibling,n.
B2/C1,signature,n.
B2/C1,significance,n.
B2/C1,skilled,adj.
B2/C1,skull,n.
B2/C1,slogan,n.
B2/C1,so-called,adj.
B2/C1,somehow,adv.
B2/C1,sometime,adv.
B2/C1,sophisticated,adj.
B2/C1,spare,adj.
B2/C1,specialize,v.
B2/C1,specify,v.
B2/C1,spectacular,adj.
B2/C1,spectator,n.
B2/C1,speculate,v.
B2/C1,speculation,n.
B2/C1,spice,n.
B2/C1,spill,v.
B2/C1,spite,n.
B2/C1,spoil,v.
B2/C1,spokesman,n.
B2/C1,spokesperson,n.
B2/C1,spokeswoman,n.
B2/C1,sponsorship,n.
B2/C1,sporting,adj.
B2/C1,stall,n.
B2/C1,stance,n.
B2/C1,starve,v.
B2/C1,steadily,adv.
B2/C1,steam,n.
B2/C1,stimulate,v.
B2/C1,strengthen,v.
B2/C1,strictly,adv.
B2/C1,stroke,n.
B2/C1,stunning,adj.
B2/C1,subsequent,adj.
B2/C1,subsequently,adv.
B2/C1,suburb,n.
B2/C1,suffering,n.
B2/C1,sufficient,adj.
B2/C1,sufficiently,adv.
B2/C1,super,adj.
B2/C1,surgeon,n.
B2/C1,survival,n.
B2/C1,survivor,n.
B2/C1,suspend,v.
B2/C1,sustainable,adj.
B2/C1,swallow,v.
B2/C1,sympathetic,adj.
B2/C1,tackle,v.
B2/C1,tag,"n.,v."
B2/C1,tap,"v.,n."
B2/C1,technological,adj.
B2/C1,teens,n.
B2/C1,temple,n.
B2/C1,temporarily,adv.
B2/C1,tendency,n.
B2/C1,tension,n.
B2/C1,terminal,n.
B2/C1,terms,n.
B2/C1,terribly,adv.
B2/C1,terrify,v.
B2/C1,territory,n.
B2/C1,terror,n.
B2/C1,terrorism,n.
B2/C1,terrorist,n.
B2/C1,testing,n.
B2/C1,textbook,n.
B2/C1,theft,n.
B2/C1,therapist,n.
B2/C1,thesis,n.
B2/C1,thorough,adj.
B2/C1,thoroughly,adv.
B2/C1,thumb,n.
B2/C1,timing,n.
B2/C1,tissue,n.
B2/C1,ton,n.
B2/C1,tonne,n.
B2/C1,tournament,n.
B2/C1,trace,v.
B2/C1,trading,n.
B2/C1,tragedy,n.
B2/C1,tragic,adj.
B2/C1,trait,n.
B2/C1,transmit,v.
B2/C1,transportation,n.
B2/C1,trap,"v.,n."
B2/C1,treasure,n.
B2/C1,tribe,n.
B2/C1,trigger,v.
B2/C1,troop,n.
B2/C1,tsunami,n.
B2/C1,ultimate,adj.
B2/C1,unacceptable,adj.
B2/C1,uncertainty,n.
B2/C1,undergo,v.
B2/C1,undertake,v.
B2/C1,unfold,v.
B2/C1,unfortunate,adj.
B2/C1,unite,v.
B2/C1,unity,n.
B2/C1,universal,adj.
B2/C1,urgent,adj.
B2/C1,usage,n.
B2/C1,useless,adj.
B2/C1,valid,adj.
B2/C1,variation,n.
B2/C1,vertical,adj.
B2/C1,viewpoint,n.
B2/C1,visa,n.
B2/C1,visible,adj.
B2/C1,voluntary,adj.
B2/C1,voting,n.
B2/C1,wander,v.
B2/C1,warming,n.
B2/C1,weekly,adj.
B2/C1,weird,adj.
B2/C1,welfare,n.
B2/C1,wheat,n.
B2/C1,whoever,pron.
B2/C1,widespread,adj.
B2/C1,wisdom,n.
B2/C1,withdraw,v.
B2/C1,workforce,n.
B2/C1,workplace,n.
B2/C1,workshop,n.
B2/C1,worm,n.
B2/C1,wrist,n.
B2/C1,abolish,v.
B2/C1,abortion,n.
B2/C1,absence,n.
B2/C1,absent,adj.
B2/C1,absurd,adj.
B2/C1,abundance,n.
B2/C1,abuse,"n.,v."
B2/C1,academy,n.
B2/C1,accelerate,v.
B2/C1,acceptance,n.
B2/C1,accessible,adj.
B2/C1,accomplishment,n.
B2/C1,accordance,n.
B2/C1,accordingly,adv.
B2/C1,accountability,n.
B2/C1,accountable,adj.
B2/C1,accumulate,v.
B2/C1,accumulation,n.
B2/C1,accusation,n.
B2/C1,accused,n.
B2/C1,acid,adj.
B2/C1,acquisition,n.
B2/C1,acre,n.
B2/C1,activation,n.
B2/C1,activist,n.
B2/C1,acute,adj.
B2/C1,adaptation,n.
B2/C1,adhere,v.
B2/C1,adjacent,adj.
B2/C1,adjustment,n.
B2/C1,administer,v.
B2/C1,administrative,adj.
B2/C1,administrator,n.
B2/C1,admission,n.
B2/C1,adolescent,n.
B2/C1,adoption,n.
B2/C1,adverse,adj.
B2/C1,advocate,"n.,v."
B2/C1,aesthetic,adj.
B2/C1,affection,n.
B2/C1,aftermath,n.
B2/C1,aggression,n.
B2/C1,agricultural,adj.
B2/C1,aide,n.
B2/C1,albeit,conj.
B2/C1,alert,"v.,n.,adj."
B2/C1,alien,adj.
B2/C1,align,v.
B2/C1,alignment,n.
B2/C1,alike,"adv.,adj."
B2/C1,allegation,n.
B2/C1,allege,v.
B2/C1,allegedly,adv.
B2/C1,alliance,n.
B2/C1,allocate,v.
B2/C1,allocation,n.
B2/C1,allowance,n.
B2/C1,ally,n.
B2/C1,aluminium,n.
B2/C1,amateur,"adj.,n."
B2/C1,ambassador,n.
B2/C1,amend,v.
B2/C1,amendment,n.
B2/C1,amid,prep.
B2/C1,analogy,n.
B2/C1,anchor,n.
B2/C1,angel,n.
B2/C1,anonymous,adj.
B2/C1,apparatus,n.
B2/C1,appealing,adj.
B2/C1,appetite,n.
B2/C1,applaud,v.
B2/C1,applicable,adj.
B2/C1,appoint,v.
B2/C1,appreciation,n.
B2/C1,arbitrary,adj.
B2/C1,architectural,adj.
B2/C1,archive,n.
B2/C1,arena,n.
B2/C1,arguably,adv.
B2/C1,arm,v.
B2/C1,array,n.
B2/C1,articulate,v.
B2/C1,ash,n.
B2/C1,aspiration,n.
B2/C1,aspire,v.
B2/C1,assassination,n.
B2/C1,assault,"n.,v."
B2/C1,assemble,v.
B2/C1,assembly,n.
B2/C1,assert,v.
B2/C1,assertion,n.
B2/C1,assurance,n.
B2/C1,asylum,n.
B2/C1,atrocity,n.
B2/C1,attain,v.
B2/C1,attendance,n.
B2/C1,attorney,n.
B2/C1,attribute,"v.,n."
B2/C1,audit,n.
B2/C1,authentic,adj.
B2/C1,authorize,v.
B2/C1,auto,n.
B2/C1,autonomy,n.
B2/C1,availability,n.
B2/C1,await,v.
B2/C1,backdrop,n.
B2/C1,backing,n.
B2/C1,backup,n.
B2/C1,bail,n.
B2/C1,ballot,n.
B2/C1,banner,n.
B2/C1,bare,adj.
B2/C1,barrel,n.
B2/C1,bat,v.
B2/C1,battlefield,n.
B2/C1,bay,n.
B2/C1,beam,n.
B2/C1,beast,n.
B2/C1,behalf,n.
B2/C1,beloved,adj.
B2/C1,bench,n.
B2/C1,benchmark,n.
B2/C1,beneath,prep.
B2/C1,beneficiary,n.
B2/C1,betray,v.
B2/C1,bind,v.
B2/C1,biography,n.
B2/C1,bishop,n.
B2/C1,bizarre,adj.
B2/C1,blade,n.
B2/C1,blast,"n.,v."
B2/C1,bleed,v.
B2/C1,blend,"v.,n."
B2/C1,bless,v.
B2/C1,blessing,n.
B2/C1,boast,v.
B2/C1,bonus,n.
B2/C1,boom,n.
B2/C1,bounce,v.
B2/C1,boundary,n.
B2/C1,breach,"n.,v."
B2/C1,breakdown,n.
B2/C1,breakthrough,n.
B2/C1,breed,"v.,n."
B2/C1,broadband,n.
B2/C1,browser,n.
B2/C1,brutal,adj.
B2/C1,buck,n.
B2/C1,buddy,n.
B2/C1,buffer,n.
B2/C1,bulk,n.
B2/C1,burden,n.
B2/C1,bureaucracy,n.
B2/C1,burial,n.
B2/C1,burst,v.
B2/C1,cabinet,n.
B2/C1,calculation,n.
B2/C1,canvas,n.
B2/C1,capability,n.
B2/C1,capitalism,n.
B2/C1,capitalist,adj.
B2/C1,cargo,n.
B2/C1,carriage,n.
B2/C1,carve,v.
B2/C1,casino,n.
B2/C1,casualty,n.
B2/C1,catalogue,n.
B2/C1,cater,v.
B2/C1,cattle,n.
B2/C1,caution,n.
B2/C1,cautious,adj.
B2/C1,cease,v.
B2/C1,cemetery,n.
B2/C1,chamber,n.
B2/C1,chaos,n.
B2/C1,characterize,v.
B2/C1,charm,n.
B2/C1,charter,n.
B2/C1,chronic,adj.
B2/C1,chunk,n.
B2/C1,circulate,v.
B2/C1,circulation,n.
B2/C1,citizenship,n.
B2/C1,civic,adj.
B2/C1,civilian,"n.,adj."
B2/C1,clarity,n.
B2/C1,clash,n.
B2/C1,classification,n.
B2/C1,cling,v.
B2/C1,clinical,adj.
B2/C1,closure,n.
B2/C1,cluster,n.
B2/C1,coalition,n.
B2/C1,coastal,adj.
B2/C1,cocktail,n.
B2/C1,cognitive,adj.
B2/C1,coincide,v.
B2/C1,collaborate,v.
B2/C1,collaboration,n.
B2/C1,collective,adj.
B2/C1,collision,n.
B2/C1,colonial,adj.
B2/C1,columnist,n.
B2/C1,combat,"n.,v."
B2/C1,commence,v.
B2/C1,commentary,n.
B2/C1,commentator,n.
B2/C1,commerce,n.
B2/C1,commissioner,n.
B2/C1,commodity,n.
B2/C1,communist,adj.
B2/C1,companion,n.
B2/C1,comparable,adj.
B2/C1,compassion,n.
B2/C1,compel,v.
B2/C1,compelling,adj.
B2/C1,compensate,v.
B2/C1,compensation,n.
B2/C1,competence,n.
B2/C1,competent,adj.
B2/C1,compile,v.
B2/C1,complement,v.
B2/C1,complexity,n.
B2/C1,compliance,n.
B2/C1,complication,n.
B2/C1,comply,v.
B2/C1,composition,n.
B2/C1,compromise,"n.,v."
B2/C1,compute,v.
B2/C1,conceal,v.
B2/C1,concede,v.
B2/C1,conceive,v.
B2/C1,conception,n.
B2/C1,concession,n.
B2/C1,condemn,v.
B2/C1,confer,v.
B2/C1,confession,n.
B2/C1,configuration,n.
B2/C1,confine,v.
B2/C1,confirmation,n.
B2/C1,confront,v.
B2/C1,confrontation,n.
B2/C1,congratulate,v.
B2/C1,congregation,n.
B2/C1,congressional,adj.
B2/C1,conquer,v.
B2/C1,conscience,n.
B2/C1,consciousness,n.
B2/C1,consecutive,adj.
B2/C1,consensus,n.
B2/C1,consent,"n.,v."
B2/C1,conserve,v.
B2/C1,consistency,n.
B2/C1,consolidate,v.
B2/C1,constituency,n.
B2/C1,constitute,v.
B2/C1,constitution,n.
B2/C1,constitutional,adj.
B2/C1,constraint,n.
B2/C1,consultation,n.
B2/C1,contemplate,v.
B2/C1,contempt,n.
B2/C1,contend,v.
B2/C1,contender,n.
B2/C1,contention,n.
B2/C1,continually,adv.
B2/C1,contractor,n.
B2/C1,contradiction,n.
B2/C1,contrary,"adj.,n."
B2/C1,contributor,n.
B2/C1,conversion,n.
B2/C1,convict,v.
B2/C1,conviction,n.
B2/C1,cooperate,v.
B2/C1,cooperative,adj.
B2/C1,coordinate,v.
B2/C1,coordination,n.
B2/C1,coordinator,n.
B2/C1,cop,n.
B2/C1,copper,n.
B2/C1,copyright,n.
B2/C1,correction,n.
B2/C1,correlate,v.
B2/C1,correlation,n.
B2/C1,correspond,v.
B2/C1,correspondence,n.
B2/C1,correspondent,n.
B2/C1,corresponding,adj.
B2/C1,corrupt,adj.
B2/C1,corruption,n.
B2/C1,costly,adj.
B2/C1,councillor,n.
B2/C1,counselling,n.
B2/C1,counsellor,n.
B2/C1,counterpart,n.
B2/C1,countless,adj.
B2/C1,coup,n.
B2/C1,courtesy,n.
B2/C1,craft,v.
B2/C1,crawl,v.
B2/C1,creator,n.
B2/C1,credibility,n.
B2/C1,credible,adj.
B2/C1,creep,v.
B2/C1,critique,n.
B2/C1,crown,n.
B2/C1,crude,adj.
B2/C1,crush,v.
B2/C1,crystal,n.
B2/C1,cult,"n.,adj."
B2/C1,cultivate,v.
B2/C1,curiosity,n.
B2/C1,custody,n.
B2/C1,cutting,n.
B2/C1,cynical,adj.
B2/C1,dam,n.
B2/C1,damaging,adj.
B2/C1,dawn,n.
B2/C1,debris,n.
B2/C1,debut,n.
B2/C1,decision-making,n.
B2/C1,decisive,adj.
B2/C1,declaration,n.
B2/C1,dedicated,adj.
B2/C1,dedication,n.
B2/C1,deed,n.
B2/C1,deem,v.
B2/C1,default,n.
B2/C1,defect,n.
B2/C1,defensive,adj.
B2/C1,deficiency,n.
B2/C1,deficit,n.
B2/C1,defy,v.
B2/C1,delegate,n.
B2/C1,delegation,n.
B2/C1,delicate,adj.
B2/C1,demon,n.
B2/C1,denial,n.
B2/C1,denounce,v.
B2/C1,dense,adj.
B2/C1,density,n.
B2/C1,dependence,n.
B2/C1,depict,v.
B2/C1,deploy,v.
B2/C1,deployment,n.
B2/C1,deposit,v.
B2/C1,deprive,v.
B2/C1,deputy,n.
B2/C1,descend,v.
B2/C1,descent,n.
B2/C1,designate,v.
B2/C1,desirable,adj.
B2/C1,desktop,n.
B2/C1,destructive,adj.
B2/C1,detain,v.
B2/C1,detection,n.
B2/C1,detention,n.
B2/C1,deteriorate,v.
B2/C1,devastate,v.
B2/C1,devil,n.
B2/C1,devise,v.
B2/C1,diagnose,v.
B2/C1,diagnosis,n.
B2/C1,dictate,v.
B2/C1,dictator,n.
B2/C1,differentiate,v.
B2/C1,dignity,n.
B2/C1,dilemma,n.
B2/C1,dimension,n.
B2/C1,diminish,v.
B2/C1,dip,v.
B2/C1,diplomat,n.
B2/C1,diplomatic,n.
B2/C1,directory,n.
B2/C1,disastrous,adj.
B2/C1,discard,v.
B2/C1,discharge,v.
B2/C1,disclose,v.
B2/C1,disclosure,n.
B2/C1,discourse,n.
B2/C1,discretion,n.
B2/C1,discrimination,n.
B2/C1,dismissal,n.
B2/C1,displace,v.
B2/C1,disposal,n.
B2/C1,dispose,v.
B2/C1,dispute,"n.,v."
B2/C1,disrupt,v.
B2/C1,disruption,n.
B2/C1,dissolve,v.
B2/C1,distinction,n.
B2/C1,distinctive,adj.
B2/C1,distort,v.
B2/C1,distress,"n.,v."
B2/C1,disturbing,adj.
B2/C1,divert,v.
B2/C1,divine,adj.
B2/C1,doctrine,n.
B2/C1,documentation,n.
B2/C1,domain,n.
B2/C1,dominance,n.
B2/C1,donor,n.
B2/C1,dose,n.
B2/C1,drain,v.
B2/C1,drift,v.
B2/C1,driving,adj.
B2/C1,drown,v.
B2/C1,dual,adj.
B2/C1,dub,v.
B2/C1,dumb,adj.
B2/C1,duo,n.
B2/C1,dynamic,n.
B2/C1,eager,adj.
B2/C1,earnings,n.
B2/C1,ease,"n.,v."
B2/C1,echo,"v.,n."
B2/C1,ecological,adj.
B2/C1,educator,n.
B2/C1,effectiveness,n.
B2/C1,efficiency,n.
B2/C1,ego,n.
B2/C1,elaborate,adj.
B2/C1,electoral,adj.
B2/C1,elevate,v.
B2/C1,eligible,adj.
B2/C1,elite,n.
B2/C1,embark,v.
B2/C1,embarrassment,n.
B2/C1,embassy,n.
B2/C1,embed,v.
B2/C1,embody,v.
B2/C1,emergence,n.
B2/C1,empirical,adj.
B2/C1,empower,v.
B2/C1,enact,v.
B2/C1,encompass,v.
B2/C1,encouragement,n.
B2/C1,encouraging,adj.
B2/C1,endeavour,n.
B2/C1,endless,adj.
B2/C1,endorse,v.
B2/C1,endorsement,n.
B2/C1,endure,v.
B2/C1,enforce,v.
B2/C1,enforcement,n.
B2/C1,engagement,n.
B2/C1,engaging,adj.
B2/C1,enquire,v.
B2/C1,enrich,v.
B2/C1,enrol,v.
B2/C1,ensue,v.
B2/C1,enterprise,n.
B2/C1,enthusiast,n.
B2/C1,entitle,v.
B2/C1,entity,n.
B2/C1,epidemic,n.
B2/C1,equality,n.
B2/C1,equation,n.
B2/C1,erect,v.
B2/C1,escalate,v.
B2/C1,essence,n.
B2/C1,establishment,n.
B2/C1,eternal,adj.
B2/C1,evacuate,v.
B2/C1,evoke,v.
B2/C1,evolutionary,adj.
B2/C1,exaggerate,v.
B2/C1,excellence,n.
B2/C1,exceptional,adj.
B2/C1,excess,"n.,adj."
B2/C1,exclusion,n.
B2/C1,exclusive,adj.
B2/C1,exclusively,adv.
B2/C1,execute,v.
B2/C1,execution,n.
B2/C1,exert,v.
B2/C1,exile,n.
B2/C1,exit,v.
B2/C1,expenditure,n.
B2/C1,experimental,adj.
B2/C1,expire,v.
B2/C1,explicit,adj.
B2/C1,explicitly,adv.
B2/C1,exploitation,n.
B2/C1,explosive,"adj.,n."
B2/C1,extract,v.
B2/C1,extremist,n.
B2/C1,facilitate,v.
B2/C1,faction,n.
B2/C1,faculty,n.
B2/C1,fade,v.
B2/C1,fairness,n.
B2/C1,fatal,adj.
B2/C1,fate,n.
B2/C1,favourable,adj.
B2/C1,feat,n.
B2/C1,feminist,"adj.,n."
B2/C1,fibre,n.
B2/C1,fierce,adj.
B2/C1,film-maker,n.
B2/C1,filter,"n.,v."
B2/C1,fine,"n.,v."
B2/C1,firearm,n.
B2/C1,fit,n.
B2/C1,fixture,n.
B2/C1,flaw,n.
B2/C1,flawed,adj.
B2/C1,flee,v.
B2/C1,fleet,n.
B2/C1,flesh,n.
B2/C1,flexibility,n.
B2/C1,flourish,v.
B2/C1,fluid,n.
B2/C1,footage,n.
B2/C1,foreigner,n.
B2/C1,forge,v.
B2/C1,formula,n.
B2/C1,formulate,v.
B2/C1,forth,adv.
B2/C1,forthcoming,adj.
B2/C1,foster,v.
B2/C1,fragile,adj.
B2/C1,franchise,n.
B2/C1,frankly,adv.
B2/C1,frustrated,adj.
B2/C1,frustrating,adj.
B2/C1,frustration,n.
B2/C1,functional,adj.
B2/C1,fundraising,n.
B2/C1,funeral,n.
B2/C1,gallon,n.
B2/C1,gambling,n.
B2/C1,gathering,n.
B2/C1,gaze,"n.,v."
B2/C1,gear,n.
B2/C1,generic,adj.
B2/C1,genocide,n.
B2/C1,glance,"n.,v."
B2/C1,glimpse,n.
B2/C1,glorious,adj.
B2/C1,glory,n.
B2/C1,governance,n.
B2/C1,grace,n.
B2/C1,grasp,"v.,n."
B2/C1,gravity,n.
B2/C1,grid,n.
B2/C1,grief,n.
B2/C1,grin,"v.,n."
B2/C1,grind,v.
B2/C1,grip,"n.,v."
B2/C1,gross,adj.
B2/C1,guerrilla,n.
B2/C1,guidance,n.
B2/C1,guilt,n.
B2/C1,gut,n.
B2/C1,hail,v.
B2/C1,halfway,adv.
B2/C1,halt,"v.,n."
B2/C1,handful,n.
B2/C1,handling,n.
B2/C1,handy,adj.
B2/C1,harassment,n.
B2/C1,hardware,n.
B2/C1,harmony,n.
B2/C1,harsh,adj.
B2/C1,harvest,"n.,v."
B2/C1,hatred,n.
B2/C1,haunt,v.
B2/C1,hazard,n.
B2/C1,heighten,v.
B2/C1,heritage,n.
B2/C1,hierarchy,n.
B2/C1,high-profile,adj.
B2/C1,hint,"n.,v."
B2/C1,homeland,n.
B2/C1,hook,v.
B2/C1,hopeful,adj.
B2/C1,horizon,n.
B2/C1,horn,n.
B2/C1,hostage,n.
B2/C1,hostile,adj.
B2/C1,hostility,n.
B2/C1,humanitarian,adj.
B2/C1,humanity,n.
B2/C1,humble,adj.
B2/C1,hydrogen,n.
B2/C1,identification,n.
B2/C1,ideological,adj.
B2/C1,ideology,n.
B2/C1,idiot,n.
B2/C1,ignorance,n.
B2/C1,imagery,n.
B2/C1,immense,adj.
B2/C1,imminent,adj.
B2/C1,implementation,n.
B2/C1,imprison,v.
B2/C1,imprisonment,n.
B2/C1,inability,n.
B2/C1,inadequate,adj.
B2/C1,inappropriate,adj.
B2/C1,incidence,n.
B2/C1,inclined,adj.
B2/C1,inclusion,n.
B2/C1,incur,v.
B2/C1,indicator,n.
B2/C1,indictment,n.
B2/C1,indigenous,adj.
B2/C1,induce,v.
B2/C1,indulge,v.
B2/C1,inequality,n.
B2/C1,infamous,adj.
B2/C1,infant,n.
B2/C1,infect,v.
B2/C1,inflict,v.
B2/C1,influential,adj.
B2/C1,inherent,adj.
B2/C1,inhibit,v.
B2/C1,initiate,v.
B2/C1,inject,v.
B2/C1,injection,n.
B2/C1,injustice,n.
B2/C1,inmate,n.
B2/C1,insertion,n.
B2/C1,insider,n.
B2/C1,inspect,v.
B2/C1,inspection,n.
B2/C1,inspiration,n.
B2/C1,instinct,n.
B2/C1,institutional,adj.
B2/C1,instruct,v.
B2/C1,instrumental,adj.
B2/C1,insufficient,adj.
B2/C1,insult,"n.,v."
B2/C1,intact,adj.
B2/C1,intake,n.
B2/C1,integral,adj.
B2/C1,integrated,adj.
B2/C1,integration,n.
B2/C1,integrity,n.
B2/C1,intellectual,n.
B2/C1,intensify,v.
B2/C1,intensity,n.
B2/C1,intensive,adj.
B2/C1,intent,n.
B2/C1,interactive,adj.
B2/C1,interface,n.
B2/C1,interfere,v.
B2/C1,interference,n.
B2/C1,interim,adj.
B2/C1,interior,"adj.,n."
B2/C1,intermediate,adj.
B2/C1,intervene,v.
B2/C1,intervention,n.
B2/C1,intimate,adj.
B2/C1,intriguing,adj.
B2/C1,investigator,n.
B2/C1,invisible,adj.
B2/C1,invoke,v.
B2/C1,involvement,n.
B2/C1,ironic,adj.
B2/C1,ironically,adv.
B2/C1,irony,n.
B2/C1,irrelevant,adj.
B2/C1,isolation,n.
B2/C1,judicial,adj.
B2/C1,junction,n.
B2/C1,jurisdiction,n.
B2/C1,just,adj.
B2/C1,justification,n.
B2/C1,kidnap,v.
B2/C1,kidney,n.
B2/C1,kingdom,n.
B2/C1,lad,n.
B2/C1,landlord,n.
B2/C1,landmark,n.
B2/C1,lap,n.
B2/C1,large-scale,adj.
B2/C1,laser,n.
B2/C1,latter,"adj.,n."
B2/C1,lawn,n.
B2/C1,lawsuit,n.
B2/C1,layout,n.
B2/C1,leak,"v.,n."
B2/C1,leap,"v.,n."
B2/C1,legacy,n.
B2/C1,legendary,adj.
B2/C1,legislation,n.
B2/C1,legislative,adj.
B2/C1,legislature,n.
B2/C1,legitimate,adj.
B2/C1,lengthy,adj.
B2/C1,lesbian,adj.
B2/C1,lesser,adj.
B2/C1,lethal,adj.
B2/C1,liable,adj.
B2/C1,liberal,"adj.,n."
B2/C1,liberation,n.
B2/C1,liberty,n.
B2/C1,license,v.
B2/C1,lifelong,adj.
B2/C1,likelihood,n.
B2/C1,limb,n.
B2/C1,linear,adj.
B2/C1,line-up,n.
B2/C1,linger,v.
B2/C1,listing,n.
B2/C1,literacy,n.
B2/C1,liver,n.
B2/C1,lobby,"n.,v."
B2/C1,log,"n.,v."
B2/C1,logic,n.
B2/C1,long-standing,adj.
B2/C1,long-time,adj.
B2/C1,loom,v.
B2/C1,loop,n.
B2/C1,loyalty,n.
B2/C1,machinery,n.
B2/C1,magical,adj.
B2/C1,magistrate,n.
B2/C1,magnetic,adj.
B2/C1,magnitude,n.
B2/C1,mainland,n.
B2/C1,mainstream,"n.,adj."
B2/C1,maintenance,n.
B2/C1,mandate,n.
B2/C1,mandatory,adj.
B2/C1,manifest,v.
B2/C1,manipulate,v.
B2/C1,manipulation,n.
B2/C1,manuscript,n.
B2/C1,march,"n.,v."
B2/C1,marginal,adj.
B2/C1,marine,adj.
B2/C1,marketplace,n.
B2/C1,mask,n.
B2/C1,massacre,n.
B2/C1,mathematical,adj.
B2/C1,mature,"adj.,v."
B2/C1,maximize,v.
B2/C1,meaningful,adj.
B2/C1,meantime,n.
B2/C1,medieval,adj.
B2/C1,meditation,n.
B2/C1,melody,n.
B2/C1,memo,n.
B2/C1,memoir,n.
B2/C1,memorial,n.
B2/C1,mentor,n.
B2/C1,merchant,n.
B2/C1,mercy,n.
B2/C1,mere,adj.
B2/C1,merely,adv.
B2/C1,merge,v.
B2/C1,merger,n.
B2/C1,merit,n.
B2/C1,methodology,n.
B2/C1,midst,n.
B2/C1,migration,n.
B2/C1,militant,"n.,adj."
B2/C1,militia,n.
B2/C1,mill,n.
B2/C1,minimal,adj.
B2/C1,minimize,v.
B2/C1,mining,n.
B2/C1,ministry,n.
B2/C1,miracle,n.
B2/C1,misery,n.
B2/C1,misleading,adj.
B2/C1,missile,n.
B2/C1,mob,n.
B2/C1,mobility,n.
B2/C1,mobilize,v.
B2/C1,moderate,adj.
B2/C1,modification,n.
B2/C1,momentum,n.
B2/C1,monk,n.
B2/C1,monopoly,n.
B2/C1,morality,n.
B2/C1,motive,n.
B2/C1,motorist,n.
B2/C1,municipal,adj.
B2/C1,mutual,adj.
B2/C1,namely,adv.
B2/C1,nationwide,adj.
B2/C1,naval,adj.
B2/C1,neglect,"v.,n."
B2/C1,neighbouring,adj.
B2/C1,nest,n.
B2/C1,net,adj.
B2/C1,newsletter,n.
B2/C1,niche,n.
B2/C1,noble,adj.
B2/C1,nod,v.
B2/C1,nominate,v.
B2/C1,nomination,n.
B2/C1,nominee,n.
B2/C1,nonetheless,adv.
B2/C1,non-profit,adj.
B2/C1,nonsense,n.
B2/C1,noon,n.
B2/C1,notable,adj.
B2/C1,notably,adv.
B2/C1,notify,v.
B2/C1,notorious,adj.
B2/C1,novel,adj.
B2/C1,nursery,n.
B2/C1,objection,n.
B2/C1,oblige,v.
B2/C1,obsess,v.
B2/C1,obsession,n.
B2/C1,occasional,adj.
B2/C1,occurrence,n.
B2/C1,odds,n.
B2/C1,offering,n.
B2/C1,offspring,n.
B2/C1,operational,adj.
B2/C1,opt,v.
B2/C1,optical,adj.
B2/C1,optimism,n.
B2/C1,oral,adj.
B2/C1,organizational,adj.
B2/C1,orientation,n.
B2/C1,originate,v.
B2/C1,outbreak,n.
B2/C1,outing,n.
B2/C1,outlet,n.
B2/C1,outlook,n.
B2/C1,outrage,"n.,v."
B2/C1,outsider,n.
B2/C1,overlook,v.
B2/C1,overly,adv.
B2/C1,oversee,v.
B2/C1,overturn,v.
B2/C1,overwhelm,v.
B2/C1,overwhelming,adj.
B2/C1,pad,n.
B2/C1,parameter,n.
B2/C1,parental,adj.
B2/C1,parish,n.
B2/C1,parliamentary,adj.
B2/C1,partial,adj.
B2/C1,partially,adv.
B2/C1,passing,n.
B2/C1,passive,adj.
B2/C1,pastor,n.
B2/C1,patch,n.
B2/C1,patent,n.
B2/C1,pathway,n.
B2/C1,patrol,"n.,v."
B2/C1,patron,n.
B2/C1,peak,n.
B2/C1,peasant,n.
B2/C1,peculiar,adj.
B2/C1,persist,v.
B2/C1,persistent,adj.
B2/C1,personnel,n.
B2/C1,petition,n.
B2/C1,philosopher,n.
B2/C1,philosophical,adj.
B2/C1,physician,n.
B2/C1,pioneer,"n.,v."
B2/C1,pipeline,n.
B2/C1,pirate,n.
B2/C1,pit,n.
B2/C1,plea,n.
B2/C1,plead,v.
B2/C1,pledge,"v.,n."
B2/C1,plug,"v.,n."
B2/C1,plunge,v.
B2/C1,pole,n.
B2/C1,poll,n.
B2/C1,pond,n.
B2/C1,pop,v.
B2/C1,portfolio,n.
B2/C1,portray,v.
B2/C1,postpone,v.
B2/C1,post-war,adj.
B2/C1,practitioner,n.
B2/C1,preach,v.
B2/C1,precedent,n.
B2/C1,precision,n.
B2/C1,predator,n.
B2/C1,predecessor,n.
B2/C1,predominantly,adv.
B2/C1,pregnancy,n.
B2/C1,prejudice,n.
B2/C1,preliminary,adj.
B2/C1,premier,n.
B2/C1,premise,n.
B2/C1,premium,n.
B2/C1,prescribe,v.
B2/C1,prescription,n.
B2/C1,presently,adv.
B2/C1,preservation,n.
B2/C1,preside,v.
B2/C1,presidency,n.
B2/C1,presidential,adj.
B2/C1,prestigious,adj.
B2/C1,presumably,adv.
B2/C1,presume,v.
B2/C1,prevail,v.
B2/C1,prevalence,n.
B2/C1,prevention,n.
B2/C1,prey,n.
B2/C1,principal,n.
B2/C1,privatization,n.
B2/C1,privilege,n.
B2/C1,probe,"n.,v."
B2/C1,problematic,adj.
B2/C1,proceedings,n.
B2/C1,proceeds,n.
B2/C1,processing,n.
B2/C1,processor,n.
B2/C1,proclaim,v.
B2/C1,productive,adj.
B2/C1,productivity,n.
B2/C1,profitable,adj.
B2/C1,profound,adj.
B2/C1,projection,n.
B2/C1,prominent,adj.
B2/C1,pronounced,adj.
B2/C1,propaganda,n.
B2/C1,proposition,n.
B2/C1,prosecute,v.
B2/C1,prosecution,n.
B2/C1,prosecutor,n.
B2/C1,prospective,adj.
B2/C1,prosperity,n.
B2/C1,protective,adj.
B2/C1,protocol,n.
B2/C1,province,n.
B2/C1,provincial,adj.
B2/C1,provision,n.
B2/C1,provoke,v.
B2/C1,psychiatric,adj.
B2/C1,pulse,n.
B2/C1,pump,"v.,n."
B2/C1,punch,"n.,v."
B2/C1,query,n.
B2/C1,quest,n.
B2/C1,quota,n.
B2/C1,radar,n.
B2/C1,radical,adj.
B2/C1,rage,n.
B2/C1,raid,"n.,v."
B2/C1,rally,"n.,v."
B2/C1,ranking,n.
B2/C1,rape,"n.,v."
B2/C1,ratio,n.
B2/C1,rational,adj.
B2/C1,ray,n.
B2/C1,readily,adv.
B2/C1,realization,n.
B2/C1,realm,n.
B2/C1,rear,"adj.,n."
B2/C1,reasoning,n.
B2/C1,reassure,v.
B2/C1,rebel,n.
B2/C1,rebellion,n.
B2/C1,recipient,n.
B2/C1,reconstruction,n.
B2/C1,referendum,n.
B2/C1,reflection,n.
B2/C1,reform,"n.,v."
B2/C1,refuge,n.
B2/C1,refusal,n.
B2/C1,regain,v.
B2/C1,regardless,adv.
B2/C1,regime,n.
B2/C1,regulator,n.
B2/C1,regulatory,adj.
B2/C1,rehabilitation,n.
B2/C1,reign,"n.,v."
B2/C1,rejection,n.
B2/C1,relevance,n.
B2/C1,reliability,n.
B2/C1,reluctant,adj.
B2/C1,remainder,n.
B2/C1,remains,n.
B2/C1,remedy,n.
B2/C1,reminder,n.
B2/C1,removal,n.
B2/C1,render,v.
B2/C1,renew,v.
B2/C1,renowned,adj.
B2/C1,rental,n.
B2/C1,replacement,n.
B2/C1,reportedly,adv.
B2/C1,representation,n.
B2/C1,reproduce,v.
B2/C1,reproduction,n.
B2/C1,republic,n.
B2/C1,resemble,v.
B2/C1,reside,v.
B2/C1,residence,n.
B2/C1,residential,adj.
B2/C1,residue,n.
B2/C1,resignation,n.
B2/C1,resistance,n.
B2/C1,respective,adj.
B2/C1,respectively,adv.
B2/C1,restoration,n.
B2/C1,restraint,n.
B2/C1,resume,v.
B2/C1,retreat,"n.,v."
B2/C1,retrieve,v.
B2/C1,revelation,n.
B2/C1,revenge,n.
B2/C1,reverse,v.
B2/C1,revival,n.
B2/C1,revive,v.
B2/C1,revolutionary,adj.
B2/C1,rhetoric,n.
B2/C1,rifle,n.
B2/C1,riot,n.
B2/C1,rip,v.
B2/C1,ritual,n.
B2/C1,robust,adj.
B2/C1,rock,v.
B2/C1,rod,n.
B2/C1,rotate,v.
B2/C1,rotation,n.
B2/C1,ruling,n.
B2/C1,rumour,n.
B2/C1,sack,v.
B2/C1,sacred,adj.
B2/C1,sacrifice,"n.,v."
B2/C1,saint,n.
B2/C1,sake,n.
B2/C1,sanction,n.
B2/C1,say,n.
B2/C1,scattered,adj.
B2/C1,sceptical,adj.
B2/C1,scope,n.
B2/C1,screw,"v.,n."
B2/C1,scrutiny,n.
B2/C1,seal,"v.,n."
B2/C1,secular,adj.
B2/C1,seemingly,adv.
B2/C1,segment,n.
B2/C1,seize,v.
B2/C1,seldom,adv.
B2/C1,selective,adj.
B2/C1,senator,n.
B2/C1,sensation,n.
B2/C1,sensitivity,n.
B2/C1,sentiment,n.
B2/C1,separation,n.
B2/C1,serial,adj.
B2/C1,settlement,n.
B2/C1,set-up,n.
B2/C1,sexuality,n.
B2/C1,shareholder,n.
B2/C1,shatter,v.
B2/C1,shed,v.
B2/C1,sheer,adj.
B2/C1,shipping,n.
B2/C1,shoot,n.
B2/C1,shrink,v.
B2/C1,shrug,v.
B2/C1,sigh,"v.,n."
B2/C1,simulate,v.
B2/C1,simulation,n.
B2/C1,simultaneously,adv.
B2/C1,sin,n.
B2/C1,situated,adj.
B2/C1,sketch,n.
B2/C1,skip,v.
B2/C1,slam,v.
B2/C1,slap,v.
B2/C1,slash,v.
B2/C1,slavery,n.
B2/C1,slot,n.
B2/C1,smash,v.
B2/C1,snap,v.
B2/C1,soak,v.
B2/C1,soar,v.
B2/C1,socialist,adj.
B2/C1,sole,adj.
B2/C1,solely,adv.
B2/C1,solicitor,n.
B2/C1,solidarity,n.
B2/C1,solo,"adj.,n."
B2/C1,sound,adj.
B2/C1,sovereignty,n.
B2/C1,spam,n.
B2/C1,span,"v.,n."
B2/C1,spare,v.
B2/C1,spark,v.
B2/C1,specialized,adj.
B2/C1,specification,n.
B2/C1,specimen,n.
B2/C1,spectacle,n.
B2/C1,spectrum,n.
B2/C1,spell,n.
B2/C1,sphere,n.
B2/C1,spin,"v.,n."
B2/C1,spine,n.
B2/C1,spotlight,n.
B2/C1,spouse,n.
B2/C1,spy,"n.,v."
B2/C1,squad,n.
B2/C1,squeeze,v.
B2/C1,stab,v.
B2/C1,stability,n.
B2/C1,stabilize,v.
B2/C1,stake,n.
B2/C1,standing,adj.
B2/C1,stark,adj.
B2/C1,statistical,adj.
B2/C1,steer,v.
B2/C1,stem,"n.,v."
B2/C1,stereotype,n.
B2/C1,stimulus,n.
B2/C1,stir,v.
B2/C1,storage,n.
B2/C1,straightforward,adj.
B2/C1,strain,n.
B2/C1,strand,n.
B2/C1,strategic,adj.
B2/C1,striking,adj.
B2/C1,strive,v.
B2/C1,structural,adj.
B2/C1,stumble,v.
B2/C1,stun,v.
B2/C1,submission,n.
B2/C1,subscriber,n.
B2/C1,subscription,n.
B2/C1,subsidy,n.
B2/C1,substantial,adj.
B2/C1,substantially,adv.
B2/C1,substitute,"n.,v."
B2/C1,substitution,n.
B2/C1,subtle,adj.
B2/C1,suburban,adj.
B2/C1,succession,n.
B2/C1,successive,adj.
B2/C1,successor,n.
B2/C1,suck,v.
B2/C1,sue,v.
B2/C1,suicide,n.
B2/C1,suite,n.
B2/C1,summit,n.
B2/C1,superb,adj.
B2/C1,superior,adj.
B2/C1,supervise,v.
B2/C1,supervision,n.
B2/C1,supervisor,n.
B2/C1,supplement,"n.,v."
B2/C1,supportive,adj.
B2/C1,supposedly,adv.
B2/C1,suppress,v.
B2/C1,supreme,adj.
B2/C1,surge,"n.,v."
B2/C1,surgical,adj.
B2/C1,surplus,n.
B2/C1,surrender,v.
B2/C1,surveillance,n.
B2/C1,suspension,n.
B2/C1,suspicion,n.
B2/C1,suspicious,adj.
B2/C1,sustain,v.
B2/C1,swing,"v.,n."
B2/C1,sword,n.
B2/C1,symbolic,adj.
B2/C1,syndrome,n.
B2/C1,synthesis,n.
B2/C1,systematic,adj.
B2/C1,tackle,n.
B2/C1,tactic,n.
B2/C1,tactical,adj.
B2/C1,taxpayer,n.
B2/C1,tempt,v.
B2/C1,tenant,n.
B2/C1,tender,adj.
B2/C1,tenure,n.
B2/C1,terminal,adj.
B2/C1,terminate,v.
B2/C1,terrain,n.
B2/C1,terrific,adj.
B2/C1,testify,v.
B2/C1,testimony,n.
B2/C1,texture,n.
B2/C1,thankfully,adv.
B2/C1,theatrical,adj.
B2/C1,theology,n.
B2/C1,theoretical,adj.
B2/C1,thereafter,adv.
B2/C1,thereby,adv.
B2/C1,thoughtful,adj.
B2/C1,thought-provoking,adj.
B2/C1,thread,n.
B2/C1,threshold,n.
B2/C1,thrilled,adj.
B2/C1,thrive,v.
B2/C1,tide,n.
B2/C1,tighten,v.
B2/C1,timber,n.
B2/C1,timely,adj.
B2/C1,tobacco,n.
B2/C1,tolerance,n.
B2/C1,tolerate,v.
B2/C1,toll,n.
B2/C1,top,v.
B2/C1,torture,"n.,v."
B2/C1,toss,v.
B2/C1,total,v.
B2/C1,toxic,adj.
B2/C1,trace,n.
B2/C1,trademark,n.
B2/C1,trail,"n.,v."
B2/C1,trailer,n.
B2/C1,transaction,n.
B2/C1,transcript,n.
B2/C1,transformation,n.
B2/C1,transit,n.
B2/C1,transmission,n.
B2/C1,transparency,n.
B2/C1,transparent,adj.
B2/C1,trauma,n.
B2/C1,treaty,n.
B2/C1,tremendous,adj.
B2/C1,tribal,adj.
B2/C1,tribunal,n.
B2/C1,tribute,n.
B2/C1,trigger,n.
B2/C1,trio,n.
B2/C1,triumph,n.
B2/C1,trophy,n.
B2/C1,troubled,adj.
B2/C1,trustee,n.
B2/C1,tuition,n.
B2/C1,turnout,n.
B2/C1,turnover,n.
B2/C1,twist,"v.,n."
B2/C1,undergraduate,n.
B2/C1,underlying,adj.
B2/C1,undermine,v.
B2/C1,undoubtedly,adv.
B2/C1,unify,v.
B2/C1,unprecedented,adj.
B2/C1,unveil,v.
B2/C1,upcoming,adj.
B2/C1,upgrade,"v.,n."
B2/C1,uphold,v.
B2/C1,utility,n.
B2/C1,utilize,v.
B2/C1,utterly,adv.
B2/C1,vacuum,n.
B2/C1,vague,adj.
B2/C1,validity,n.
B2/C1,vanish,v.
B2/C1,variable,"n.,adj."
B2/C1,varied,adj.
B2/C1,vein,n.
B2/C1,venture,"n.,v."
B2/C1,verbal,adj.
B2/C1,verdict,n.
B2/C1,verify,v.
B2/C1,verse,n.
B2/C1,versus,prep.
B2/C1,vessel,n.
B2/C1,veteran,n.
B2/C1,viable,adj.
B2/C1,vibrant,adj.
B2/C1,vice,n.
B2/C1,vicious,adj.
B2/C1,villager,n.
B2/C1,violate,v.
B2/C1,violation,n.
B2/C1,virtue,n.
B2/C1,vocal,adj.
B2/C1,vow,v.
B2/C1,vulnerability,n.
B2/C1,vulnerable,adj.
B2/C1,ward,n.
B2/C1,warehouse,n.
B2/C1,warfare,n.
B2/C1,warrant,"n.,v."
B2/C1,warrior,n.
B2/C1,weaken,v.
B2/C1,weave,v.
B2/C1,weed,n.
B2/C1,well,n.
B2/C1,well-being,n.
B2/C1,whatsoever,adv.
B2/C1,whereby,adv.
B2/C1,whilst,conj.
B2/C1,whip,v.
B2/C1,wholly,adv.
B2/C1,widen,v.
B2/C1,widow,n.
B2/C1,width,n.
B2/C1,willingness,n.
B2/C1,wipe,v.
B2/C1,wit,n.
B2/C1,withdrawal,n.
B2/C1,workout,n.
B2/C1,worship,"n.,v."
B2/C1,worthwhile,adj.
B2/C1,worthy,adj.
B2/C1,yell,v.
B2/C1,yield,"n.,v."
B2/C1,youngster,n.
